Date,close,high,low,open,volume
2021-12-09,10.329999923706055,12.239999771118164,10.010000228881836,11.25,90160800
2021-12-10,11.850000381469727,11.850000381469727,9.800000190734863,11.449999809265137,50077300
2021-12-13,10.8100004196167,11.289999961853027,10.3100004196167,11.100000381469727,19658400
2021-12-14,9.920000076293945,10.579999923706055,9.270000457763672,10.550000190734863,22728100
2021-12-15,10.010000228881836,10.289999961853027,9.420000076293945,9.630000114440918,12663900
2021-12-16,10.0,10.489999771118164,9.5600004196167,10.449999809265137,13981300
2021-12-17,9.800000190734863,10.170000076293945,9.140000343322754,9.925000190734863,21560800
2021-12-20,8.9399995803833,9.350000381469727,8.75,9.199999809265137,15772500
2021-12-21,9.229999542236328,9.239999771118164,8.84000015258789,9.020000457763672,8402600
2021-12-22,9.119999885559082,9.180000305175781,8.989999771118164,9.119999885559082,7095000
2021-12-23,9.829999923706055,10.0,9.109999656677246,9.130000114440918,5794500
2021-12-27,9.739999771118164,9.890000343322754,9.460000038146973,9.789999961853027,2500700
2021-12-28,9.399999618530273,9.699999809265137,9.359999656677246,9.680000305175781,2217200
2021-12-29,9.319999694824219,9.460000038146973,9.25,9.369999885559082,2965800
2021-12-30,9.399999618530273,9.630000114440918,9.369999885559082,9.369999885559082,2375200
2021-12-31,9.380000114440918,9.470000267028809,9.279999732971191,9.369999885559082,1619800
2022-01-03,9.979999542236328,10.0,9.550000190734863,9.600000381469727,6896100
2022-01-04,9.739999771118164,10.220000267028809,9.479999542236328,10.149999618530273,8551800
2022-01-05,9.039999961853027,9.710000038146973,8.920000076293945,9.680000305175781,13773400
2022-01-06,9.520000457763672,9.529999732971191,8.460000038146973,9.010000228881836,11014200
2022-01-07,9.359999656677246,9.680000305175781,9.140000343322754,9.5,4784700
2022-01-10,9.0,9.100000381469727,8.670000076293945,9.020000457763672,7856900
2022-01-11,9.34000015258789,9.449999809265137,8.800000190734863,8.970000267028809,7733400
2022-01-12,9.0,9.380000114440918,8.729999542236328,9.329999923706055,13579900
2022-01-13,8.670000076293945,9.039999961853027,8.670000076293945,9.0,7173700
2022-01-14,8.119999885559082,8.699999809265137,8.109999656677246,8.65999984741211,7739400
2022-01-18,7.690000057220459,8.0,7.420000076293945,8.0,9854400
2022-01-19,7.829999923706055,7.920000076293945,7.539999961853027,7.690000057220459,10589400
2022-01-20,7.949999809265137,8.550000190734863,7.809999942779541,7.809999942779541,12447600
2022-01-21,7.539999961853027,7.920000076293945,7.320000171661377,7.829999923706055,7828900
2022-01-24,7.260000228881836,7.369999885559082,6.75,7.139999866485596,11496600
2022-01-25,7.420000076293945,7.420000076293945,6.960000038146973,7.119999885559082,8139500
2022-01-26,7.070000171661377,7.960000038146973,6.949999809265137,7.519999980926514,9131900
2022-01-27,6.889999866485596,7.289999961853027,6.889999866485596,7.190000057220459,10494900
2022-01-28,6.75,6.880000114440918,6.400000095367432,6.78000020980835,5673600
2022-01-31,7.420000076293945,7.429999828338623,6.699999809265137,6.75,7854000
2022-02-01,7.559999942779541,7.630000114440918,7.284999847412109,7.489999771118164,4995600
2022-02-02,6.989999771118164,7.599999904632568,6.960000038146973,7.550000190734863,6674300
2022-02-03,6.789999961853027,6.940000057220459,6.679999828338623,6.840000152587891,4783000
2022-02-04,7.360000133514404,7.420000076293945,6.650000095367432,6.670000076293945,6177900
2022-02-07,7.769999980926514,7.900000095367432,7.159999847412109,7.21999979019165,9050100
2022-02-08,8.899999618530273,8.920000076293945,7.550000190734863,7.559999942779541,17254300
2022-02-09,10.199999809265137,10.279999732971191,8.84000015258789,9.069999694824219,34903500
2022-02-10,9.279999732971191,9.9399995803833,9.260000228881836,9.329999923706055,19203900
2022-02-11,8.539999961853027,9.489999771118164,8.454999923706055,9.430000305175781,13350000
2022-02-14,8.680000305175781,9.069999694824219,8.449999809265137,8.569999694824219,6393400
2022-02-15,9.149999618530273,9.28499984741211,8.855999946594238,9.260000228881836,7194500
2022-02-16,9.050000190734863,9.3100004196167,8.715999603271484,9.270000457763672,9465800
2022-02-17,10.09000015258789,10.270000457763672,9.15999984741211,9.3100004196167,23494500
2022-02-18,9.850000381469727,11.829999923706055,9.739999771118164,10.279999732971191,39674900
2022-02-22,8.800000190734863,10.020000457763672,8.680000305175781,10.0,26025000
2022-02-23,7.519999980926514,9.670000076293945,7.5,9.649999618530273,38506900
2022-02-24,7.940000057220459,8.217000007629395,7.159999847412109,7.199999809265137,24248700
2022-02-25,7.78000020980835,8.170000076293945,7.505000114440918,8.170000076293945,15139200
2022-02-28,7.650000095367432,7.860000133514404,7.295000076293945,7.639999866485596,8593200
2022-03-01,7.920000076293945,8.180000305175781,7.585000038146973,7.690000057220459,9969600
2022-03-02,7.769999980926514,8.0,7.485000133514404,7.929999828338623,7628300
2022-03-03,7.369999885559082,7.900000095367432,7.28000020980835,7.900000095367432,7701300
2022-03-04,7.159999847412109,7.550000190734863,7.050000190734863,7.300000190734863,7424000
2022-03-07,6.829999923706055,7.260000228881836,6.800000190734863,7.099999904632568,11360800
2022-03-08,7.579999923706055,8.329999923706055,6.739999771118164,6.869999885559082,16964700
2022-03-09,7.960000038146973,8.229999542236328,7.710999965667725,7.829999923706055,8604000
2022-03-10,7.050000190734863,7.699999809265137,6.96999979019165,7.659999847412109,17134700
2022-03-11,6.539999961853027,7.210000038146973,6.510000228881836,7.199999809265137,14452500
2022-03-14,5.929999828338623,6.559999942779541,5.820000171661377,6.5,20763300
2022-03-15,5.980000019073486,6.070000171661377,5.550000190734863,6.019999980926514,17674500
2022-03-16,6.880000114440918,6.929999828338623,6.199999809265137,6.380000114440918,26501800
2022-03-17,7.440000057220459,7.46999979019165,6.614999771118164,6.869999885559082,18330500
2022-03-18,7.860000133514404,8.130000114440918,7.230000019073486,7.269999980926514,15668600
2022-03-21,7.559999942779541,8.079999923706055,7.309999942779541,7.960000038146973,11214400
2022-03-22,8.020000457763672,8.25,7.639999866485596,7.639999866485596,13245500
2022-03-23,7.909999847412109,8.1899995803833,7.690000057220459,7.96999979019165,8046400
2022-03-24,8.149999618530273,8.1899995803833,7.65500020980835,7.940000057220459,7835700
2022-03-25,7.949999809265137,8.475000381469727,7.824999809265137,8.15999984741211,7345300
2022-03-28,8.0600004196167,8.210000038146973,7.815000057220459,7.920000076293945,5816300
2022-03-29,8.359999656677246,8.460000038146973,8.045000076293945,8.170000076293945,7155000
2022-03-30,8.0600004196167,8.40999984741211,8.0,8.220000267028809,4861100
2022-03-31,7.71999979019165,8.170000076293945,7.71999979019165,8.170000076293945,4983200
2022-04-01,8.0600004196167,8.178999900817871,7.820000171661377,7.840000152587891,6677000
2022-04-04,8.069999694824219,8.34000015258789,7.949999809265137,8.119999885559082,5140600
2022-04-05,7.849999904632568,8.109999656677246,7.670000076293945,8.109999656677246,5082000
2022-04-06,7.510000228881836,7.630000114440918,7.25,7.59499979019165,5875000
2022-04-07,7.309999942779541,7.690000057220459,7.275000095367432,7.489999771118164,6153100
2022-04-08,7.28000020980835,7.474999904632568,6.980000019073486,7.269999980926514,7766700
2022-04-11,7.400000095367432,7.550000190734863,7.144999980926514,7.199999809265137,7476200
2022-04-12,7.050000190734863,7.690000057220459,6.940000057220459,7.53000020980835,6764400
2022-04-13,7.159999847412109,7.230000019073486,6.960000038146973,7.090000152587891,4700900
2022-04-14,7.03000020980835,7.224999904632568,6.869999885559082,7.190000057220459,5704600
2022-04-18,6.889999866485596,7.050000190734863,6.769999980926514,6.989999771118164,6867200
2022-04-19,7.190000057220459,7.25,6.789999961853027,6.900000095367432,6622100
2022-04-20,7.159999847412109,7.480000019073486,7.135000228881836,7.150000095367432,8933900
2022-04-21,6.889999866485596,7.375,6.630000114440918,7.199999809265137,10553700
2022-04-22,6.679999828338623,7.039999961853027,6.679999828338623,6.849999904632568,12123100
2022-04-25,6.920000076293945,6.945000171661377,6.465000152587891,6.650000095367432,6812300
2022-04-26,6.309999942779541,6.809999942779541,6.21999979019165,6.809999942779541,8152300
2022-04-27,6.329999923706055,6.53000020980835,6.28000020980835,6.360000133514404,6803200
2022-04-28,6.159999847412109,6.400000095367432,5.900000095367432,6.329999923706055,14417100
2022-04-29,6.010000228881836,6.340000152587891,5.909999847412109,6.190000057220459,7716600
2022-05-02,5.960000038146973,6.28000020980835,5.900000095367432,6.019999980926514,15326100
2022-05-03,5.46999979019165,5.96999979019165,5.320000171661377,5.954999923706055,23116900
2022-05-04,5.769999980926514,5.775000095367432,5.25,5.420000076293945,16402700
2022-05-05,5.420000076293945,5.599999904632568,5.25,5.579999923706055,15033300
2022-05-06,5.230000019073486,5.389999866485596,5.019999980926514,5.369999885559082,17488200
2022-05-09,4.380000114440918,5.046000003814697,4.349999904632568,5.0,20429600
2022-05-10,4.369999885559082,4.633999824523926,4.260000228881836,4.619999885559082,14222000
2022-05-11,3.690000057220459,4.28000020980835,3.690000057220459,4.25,27928600
2022-05-12,4.0,4.289999961853027,3.322000026702881,3.640000104904175,47518500
2022-05-13,4.820000171661377,4.980000019073486,4.099999904632568,4.110000133514404,25636400
2022-05-16,4.349999904632568,4.829999923706055,4.034999847412109,4.800000190734863,29930500
2022-05-17,4.079999923706055,5.010000228881836,3.9600000381469727,4.809999942779541,100275200
2022-05-18,3.819999933242798,4.010000228881836,3.6700000762939453,3.8499999046325684,120935300
2022-05-19,4.329999923706055,4.340000152587891,3.640000104904175,3.640000104904175,106065300
2022-05-20,3.809999942779541,4.46999979019165,3.5450000762939453,4.440000057220459,73251600
2022-05-23,3.740000009536743,3.8399999141693115,3.440000057220459,3.8299999237060547,44915300
2022-05-24,3.3299999237060547,3.619999885559082,3.309999942779541,3.5799999237060547,52033900
2022-05-25,3.5899999141693115,3.5899999141693115,3.259999990463257,3.4000000953674316,51611400
2022-05-26,3.5299999713897705,3.799999952316284,3.359999895095825,3.5,61052100
2022-05-27,4.03000020980835,4.050000190734863,3.5899999141693115,3.609999895095825,63291200
2022-05-31,3.809999942779541,4.170000076293945,3.7799999713897705,4.070000171661377,28849400
2022-06-01,3.819999933242798,3.950000047683716,3.6600000858306885,3.8399999141693115,31535600
2022-06-02,4.440000057220459,4.5,3.799999952316284,3.819999933242798,79498000
2022-06-03,4.5,4.539999961853027,4.21999979019165,4.309999942779541,54708600
2022-06-06,4.289999961853027,4.75,4.260000228881836,4.599999904632568,24604400
2022-06-07,4.320000171661377,4.320000171661377,4.0,4.070000171661377,31965900
2022-06-08,4.329999923706055,4.519999980926514,4.230000019073486,4.230000019073486,17304400
2022-06-09,3.859999895095825,4.329999923706055,3.8499999046325684,4.329999923706055,24047900
2022-06-10,3.640000104904175,3.8489999771118164,3.615000009536743,3.6700000762939453,31404000
2022-06-13,3.509999990463257,3.5899999141693115,3.4049999713897705,3.4800000190734863,28706000
2022-06-14,3.430000066757202,3.609999895095825,3.359999895095825,3.559999942779541,19273600
2022-06-15,3.5199999809265137,3.6500000953674316,3.369999885559082,3.440000057220459,25904400
2022-06-16,3.309999942779541,3.4800000190734863,3.259999990463257,3.369999885559082,15488200
2022-06-17,3.4700000286102295,3.5,3.2899999618530273,3.369999885559082,19219100
2022-06-21,3.859999895095825,3.990000009536743,3.5799999237060547,3.5899999141693115,34715200
2022-06-22,3.940000057220459,3.9800000190734863,3.7100000381469727,3.7699999809265137,30668800
2022-06-23,4.0,4.210000038146973,3.9200000762939453,4.0,36842200
2022-06-24,4.059999942779541,4.239999771118164,4.010000228881836,4.050000190734863,19813200
2022-06-27,3.9800000190734863,4.150000095367432,3.890000104904175,4.090000152587891,10757100
2022-06-28,3.8399999141693115,4.099999904632568,3.7699999809265137,3.990000009536743,12993700
2022-06-29,3.869999885559082,3.984999895095825,3.799999952316284,3.869999885559082,17786300
2022-06-30,3.740000009536743,3.9000000953674316,3.5999999046325684,3.8299999237060547,19317200
2022-07-01,3.9100000858306885,3.9800000190734863,3.700000047683716,3.7100000381469727,14709000
2022-07-05,4.159999847412109,4.159999847412109,3.7100000381469727,3.8399999141693115,24780300
2022-07-06,4.059999942779541,4.264999866485596,3.940000057220459,4.170000076293945,18629800
2022-07-07,4.170000076293945,4.21999979019165,4.059999942779541,4.059999942779541,11482800
2022-07-08,3.9800000190734863,4.130000114440918,3.9600000381469727,4.130000114440918,16027300
2022-07-11,3.7699999809265137,3.9000000953674316,3.609999895095825,3.9000000953674316,31726300
2022-07-12,3.950000047683716,4.074999809265137,3.7190001010894775,3.7699999809265137,20355800
2022-07-13,3.9800000190734863,4.099999904632568,3.7950000762939453,3.8299999237060547,11399700
2022-07-14,3.819999933242798,3.9649999141693115,3.799999952316284,3.930000066757202,11684300
2022-07-15,3.8499999046325684,3.9749999046325684,3.7699999809265137,3.890000104904175,16354600
2022-07-18,3.890000104904175,4.090000152587891,3.869999885559082,3.9600000381469727,18022600
2022-07-19,4.070000171661377,4.105000019073486,3.930000066757202,3.9700000286102295,15320200
2022-07-20,4.619999885559082,4.650000095367432,4.070000171661377,4.090000152587891,35949700
2022-07-21,4.53000020980835,4.690000057220459,4.340000152587891,4.579999923706055,16147800
2022-07-22,4.21999979019165,4.570000171661377,4.190000057220459,4.539999961853027,15308000
2022-07-25,4.159999847412109,4.25,4.070000171661377,4.230000019073486,7354400
2022-07-26,3.7899999618530273,4.010000228881836,3.7899999618530273,3.9800000190734863,22128100
2022-07-27,4.039999961853027,4.050000190734863,3.7699999809265137,3.9100000858306885,19602400
2022-07-28,4.210000038146973,4.289999961853027,3.990000009536743,4.070000171661377,26905100
2022-07-29,4.210000038146973,4.25,4.070000171661377,4.210000038146973,19768600
2022-08-01,4.050000190734863,4.329999923706055,4.010000228881836,4.130000114440918,15570000
2022-08-02,4.090000152587891,4.25,3.930000066757202,4.010000228881836,18598800
2022-08-03,4.449999809265137,4.454999923706055,4.070000171661377,4.139999866485596,19715900
2022-08-04,4.670000076293945,4.704999923706055,4.329999923706055,4.420000076293945,20781100
2022-08-05,4.489999771118164,4.650000095367432,4.320000171661377,4.489999771118164,16554500
2022-08-08,4.75,4.960000038146973,4.53000020980835,4.619999885559082,21243400
2022-08-09,4.25,4.550000190734863,4.150000095367432,4.550000190734863,35438300
2022-08-10,4.420000076293945,4.539999961853027,4.360000133514404,4.510000228881836,23649200
2022-08-11,4.079999923706055,4.579999923706055,4.074999809265137,4.5,28825900
2022-08-12,4.25,4.269999980926514,4.03000020980835,4.150000095367432,28783000
2022-08-15,4.679999828338623,4.820000171661377,4.138000011444092,4.239999771118164,60698200
2022-08-16,5.519999980926514,5.880000114440918,5.010000228881836,5.179999828338623,113746800
2022-08-17,5.079999923706055,5.440000057220459,5.0,5.349999904632568,60247100
2022-08-18,5.039999961853027,5.090000152587891,4.670000076293945,4.880000114440918,61682600
2022-08-19,4.650000095367432,5.039999961853027,4.590000152587891,4.900000095367432,29308300
2022-08-22,4.53000020980835,4.625,4.431000232696533,4.539999961853027,21745200
2022-08-23,4.559999942779541,4.75,4.400000095367432,4.5,35232400
2022-08-24,4.949999809265137,5.179999828338623,4.5,4.539999961853027,52965200
2022-08-25,4.989999771118164,5.059000015258789,4.840000152587891,4.900000095367432,39194100
2022-08-26,4.940000057220459,5.079999923706055,4.841000080108643,5.039999961853027,29103500
2022-08-29,4.920000076293945,5.090000152587891,4.809999942779541,4.840000152587891,24504300
2022-08-30,4.889999866485596,5.039999961853027,4.809999942779541,4.96999979019165,23266300
2022-08-31,4.900000095367432,4.96999979019165,4.809999942779541,4.860000133514404,16511700
2022-09-01,4.900000095367432,4.960000038146973,4.619999885559082,4.880000114440918,22356700
2022-09-02,4.940000057220459,5.079999923706055,4.830999851226807,4.840000152587891,27505600
2022-09-06,4.71999979019165,5.010000228881836,4.710000038146973,5.0,21858100
2022-09-07,4.980000019073486,5.010000228881836,4.679999828338623,4.730000019073486,14102200
2022-09-08,5.059999942779541,5.116000175476074,4.860000133514404,4.940000057220459,18881800
2022-09-09,5.389999866485596,5.400000095367432,5.079999923706055,5.150000095367432,27936900
2022-09-12,5.510000228881836,5.590000152587891,5.320000171661377,5.485000133514404,24600200
2022-09-13,5.309999942779541,5.449999809265137,5.059999942779541,5.159999847412109,22059000
2022-09-14,5.420000076293945,5.440000057220459,5.190000057220459,5.25,18597900
2022-09-15,5.510000228881836,5.809999942779541,5.340000152587891,5.380000114440918,31673800
2022-09-16,5.28000020980835,5.329999923706055,5.0,5.309999942779541,41237400
2022-09-19,5.329999923706055,5.380000114440918,4.96999979019165,5.099999904632568,26914400
2022-09-20,5.21999979019165,5.315000057220459,5.139999866485596,5.239999771118164,17222700
2022-09-21,5.239999771118164,5.420000076293945,5.079999923706055,5.239999771118164,18935800
2022-09-22,4.980000019073486,5.329999923706055,4.860000133514404,5.21999979019165,27060600
2022-09-23,4.71999979019165,4.889999866485596,4.599999904632568,4.840000152587891,31548600
2022-09-26,4.510000228881836,4.820000171661377,4.5,4.570000171661377,26628400
2022-09-27,4.559999942779541,4.869999885559082,4.440000057220459,4.619999885559082,25833300
2022-09-28,4.809999942779541,4.860000133514404,4.489999771118164,4.5,28529000
2022-09-29,4.440000057220459,4.679999828338623,4.389999866485596,4.679999828338623,24178100
2022-09-30,4.400000095367432,4.630000114440918,4.320000171661377,4.420000076293945,29916500
2022-10-03,4.730000019073486,4.809999942779541,4.514999866485596,4.579999923706055,25010600
2022-10-04,4.920000076293945,4.974999904632568,4.610000133514404,4.880000114440918,60999200
2022-10-05,5.010000228881836,5.110000133514404,4.789999961853027,4.800000190734863,30924700
2022-10-06,4.690000057220459,5.099999904632568,4.690000057220459,4.989999771118164,24763600
2022-10-07,4.389999866485596,4.679999828338623,4.340000152587891,4.670000076293945,31445100
2022-10-10,4.289999961853027,4.389999866485596,4.164000034332275,4.389999866485596,20906600
2022-10-11,4.099999904632568,4.21999979019165,4.03000020980835,4.210000038146973,37428600
2022-10-12,4.110000133514404,4.21999979019165,3.950000047683716,4.090000152587891,21452400
2022-10-13,4.170000076293945,4.239999771118164,3.7899999618530273,3.890000104904175,44842800
2022-10-14,4.119999885559082,4.375,4.03000020980835,4.199999809265137,33544700
2022-10-17,4.389999866485596,4.449999809265137,4.150000095367432,4.239999771118164,16911800
2022-10-18,4.400000095367432,4.59499979019165,4.300000190734863,4.550000190734863,27803300
2022-10-19,4.360000133514404,4.449999809265137,4.190000057220459,4.230000019073486,28161600
2022-10-20,4.380000114440918,4.486999988555908,4.289999961853027,4.329999923706055,19256800
2022-10-21,4.53000020980835,4.545000076293945,4.150000095367432,4.340000152587891,25031200
2022-10-24,4.300000190734863,4.46999979019165,4.150000095367432,4.460000038146973,24895900
2022-10-25,4.590000152587891,4.679999828338623,4.300000190734863,4.300000190734863,27128000
2022-10-26,4.389999866485596,4.699999809265137,4.340000152587891,4.429999828338623,27325500
2022-10-27,4.440000057220459,4.494999885559082,4.329999923706055,4.449999809265137,20389000
2022-10-28,4.590000152587891,4.619999885559082,4.409999847412109,4.420000076293945,23049400
2022-10-31,5.0,5.099999904632568,4.510000228881836,4.53000020980835,62442000
2022-11-01,5.090000152587891,5.235000133514404,4.989999771118164,5.090000152587891,35945300
2022-11-02,4.789999961853027,5.130000114440918,4.761000156402588,5.079999923706055,22456600
2022-11-03,4.929999828338623,5.079999923706055,4.710000038146973,4.78000020980835,30913500
2022-11-04,4.869999885559082,5.099999904632568,4.78000020980835,5.090000152587891,25595300
2022-11-07,4.809999942779541,4.940000057220459,4.75,4.900000095367432,25132600
2022-11-08,5.110000133514404,5.28000020980835,4.829999923706055,4.829999923706055,31589100
2022-11-09,4.690000057220459,5.03000020980835,4.659999847412109,5.010000228881836,44424000
2022-11-10,4.550000190734863,4.96999979019165,4.510000228881836,4.909999847412109,59396600
2022-11-11,4.440000057220459,4.71999979019165,4.309999942779541,4.559999942779541,41331000
2022-11-14,4.349999904632568,4.570000171661377,4.28000020980835,4.550000190734863,53556800
2022-11-15,4.909999847412109,5.25,4.840000152587891,4.880000114440918,70236600
2022-11-16,4.78000020980835,4.949999809265137,4.670000076293945,4.860000133514404,32060500
2022-11-17,4.380000114440918,4.570000171661377,4.300000190734863,4.559999942779541,54379800
2022-11-18,4.320000171661377,4.5,4.25,4.489999771118164,29307700
2022-11-21,4.309999942779541,4.369999885559082,4.210000038146973,4.349999904632568,31508000
2022-11-22,4.199999809265137,4.304999828338623,4.159999847412109,4.289999961853027,22074100
2022-11-23,4.440000057220459,4.460000038146973,4.130000114440918,4.190000057220459,24136100
2022-11-25,4.449999809265137,4.510000228881836,4.380000114440918,4.489999771118164,13350300
2022-11-28,4.21999979019165,4.5,4.199999809265137,4.400000095367432,21542100
2022-11-29,4.260000228881836,4.300000190734863,4.210000038146973,4.260000228881836,16112200
2022-11-30,4.449999809265137,4.489999771118164,4.079999923706055,4.179999828338623,39136800
2022-12-01,4.360000133514404,4.440000057220459,4.21999979019165,4.420000076293945,23172700
2022-12-02,4.460000038146973,4.489999771118164,4.190000057220459,4.28000020980835,35512200
2022-12-05,4.059999942779541,4.309999942779541,4.059999942779541,4.239999771118164,48867500
2022-12-06,4.059999942779541,4.138999938964844,4.0,4.130000114440918,18694400
2022-12-07,3.9700000286102295,4.070000171661377,3.8949999809265137,4.054999828338623,14257100
2022-12-08,4.070000171661377,4.179999828338623,4.039999961853027,4.050000190734863,23856200
2022-12-09,3.930000066757202,4.050000190734863,3.9100000858306885,4.03000020980835,18387600
2022-12-12,4.019999980926514,4.050000190734863,3.8299999237060547,3.9100000858306885,25345800
2022-12-13,3.880000114440918,4.210000038146973,3.869999885559082,4.199999809265137,22265800
2022-12-14,3.819999933242798,3.9100000858306885,3.759999990463257,3.9000000953674316,21050600
2022-12-15,3.740000009536743,3.880000114440918,3.7200000286102295,3.799999952316284,20598200
2022-12-16,3.9000000953674316,3.924999952316284,3.759999990463257,3.759999990463257,25477100
2022-12-19,3.9100000858306885,3.940000057220459,3.809999942779541,3.880000114440918,20723100
2022-12-20,3.8299999237060547,3.950000047683716,3.8299999237060547,3.880000114440918,17903000
2022-12-21,3.9100000858306885,3.9200000762939453,3.759999990463257,3.880000114440918,16211800
2022-12-22,3.859999895095825,3.9000000953674316,3.7249999046325684,3.869999885559082,16324900
2022-12-23,3.890000104904175,3.9100000858306885,3.7799999713897705,3.859999895095825,10567700
2022-12-27,3.819999933242798,3.859999895095825,3.759999990463257,3.8399999141693115,13584400
2022-12-28,3.9100000858306885,3.930000066757202,3.809999942779541,3.8399999141693115,14837700
2022-12-29,4.059999942779541,4.059999942779541,3.869999885559082,3.950000047683716,11114900
2022-12-30,4.070000171661377,4.170000076293945,4.0,4.0,12286600
2023-01-03,3.559999942779541,4.025000095367432,3.549999952316284,3.9149999618530273,40845700
2023-01-04,3.5199999809265137,3.6600000858306885,3.5,3.609999895095825,20048100
2023-01-05,3.4800000190734863,3.5299999713897705,3.430000066757202,3.5199999809265137,22673900
2023-01-06,3.559999942779541,3.609999895095825,3.390000104904175,3.5399999618530273,19557500
2023-01-09,3.6600000858306885,3.805000066757202,3.5350000858306885,3.569999933242798,20586900
2023-01-10,3.6600000858306885,3.7300000190734863,3.5399999618530273,3.680000066757202,34832200
2023-01-11,3.7200000286102295,3.75,3.559999942779541,3.6700000762939453,28448800
2023-01-12,3.6600000858306885,3.7300000190734863,3.5799999237060547,3.7300000190734863,26422800
2023-01-13,3.680000066757202,3.7100000381469727,3.559999942779541,3.6500000953674316,15069800
2023-01-17,3.6700000762939453,3.75,3.619999885559082,3.6500000953674316,29421400
2023-01-18,3.640000104904175,3.7699999809265137,3.559999942779541,3.7100000381469727,44084400
2023-01-19,3.619999885559082,3.6700000762939453,3.569999933242798,3.609999895095825,21297200
2023-01-20,3.809999942779541,3.859999895095825,3.619999885559082,3.6700000762939453,48985500
2023-01-23,3.9200000762939453,3.990000009536743,3.7950000762939453,3.809999942779541,26886800
2023-01-24,4.03000020980835,4.039999961853027,3.869999885559082,3.9200000762939453,21593900
2023-01-25,4.119999885559082,4.150000095367432,3.890000104904175,3.990000009536743,20224200
2023-01-26,4.230000019073486,4.369999885559082,4.195000171661377,4.260000228881836,22825300
2023-01-27,4.369999885559082,4.419000148773193,4.179999828338623,4.199999809265137,26086800
2023-01-30,4.400000095367432,4.429999828338623,4.260000228881836,4.329999923706055,18106600
2023-01-31,4.650000095367432,4.71999979019165,4.409999847412109,4.440000057220459,33246700
2023-02-01,4.769999980926514,4.820000171661377,4.53000020980835,4.650000095367432,34936800
2023-02-02,4.920000076293945,5.005000114440918,4.829999923706055,4.840000152587891,37026700
2023-02-03,4.900000095367432,5.006999969482422,4.71999979019165,4.800000190734863,35737900
2023-02-06,4.900000095367432,4.949999809265137,4.78000020980835,4.829999923706055,23140400
2023-02-07,4.909999847412109,4.940000057220459,4.78000020980835,4.909999847412109,25485700
2023-02-08,5.010000228881836,5.079999923706055,4.840000152587891,4.909999847412109,28124400
2023-02-09,4.829999923706055,5.110000133514404,4.800000190734863,5.070000171661377,27908800
2023-02-10,4.739999771118164,4.849999904632568,4.659999847412109,4.75,21210100
2023-02-13,4.869999885559082,4.994999885559082,4.730000019073486,4.769999980926514,20221800
2023-02-14,5.0,5.090000152587891,4.835000038146973,4.860000133514404,53484500
2023-02-15,5.239999771118164,5.440000057220459,5.0,5.050000190734863,91319300
2023-02-16,5.340000152587891,5.53000020980835,4.875,5.039999961853027,54488700
2023-02-17,4.989999771118164,5.210000038146973,4.909999847412109,5.079999923706055,40615200
2023-02-21,4.760000228881836,5.019999980926514,4.730000019073486,4.960000038146973,20886200
2023-02-22,4.829999923706055,4.889999866485596,4.744999885559082,4.820000171661377,26304600
2023-02-23,4.889999866485596,4.929999828338623,4.800000190734863,4.869999885559082,18698700
2023-02-24,4.940000057220459,4.960000038146973,4.78000020980835,4.820000171661377,25022400
2023-02-27,4.96999979019165,5.099999904632568,4.929999828338623,4.980000019073486,25262900
2023-02-28,5.039999961853027,5.110000133514404,4.949999809265137,4.96999979019165,20870000
2023-03-01,4.860000133514404,4.989999771118164,4.610000133514404,4.989999771118164,35312400
2023-03-02,4.670000076293945,4.875,4.650000095367432,4.78000020980835,37183100
2023-03-03,4.679999828338623,4.749000072479248,4.559999942779541,4.670000076293945,34504500
2023-03-06,4.949999809265137,5.0,4.679999828338623,4.690000057220459,22119800
2023-03-07,4.829999923706055,4.920000076293945,4.690000057220459,4.889999866485596,23826700
2023-03-08,4.989999771118164,5.099999904632568,4.849999904632568,4.849999904632568,26653100
2023-03-09,4.739999771118164,4.9679999351501465,4.692999839782715,4.929999828338623,23917800
2023-03-10,4.489999771118164,4.739999771118164,4.449999809265137,4.71999979019165,32191000
2023-03-13,4.519999980926514,4.699999809265137,4.139999866485596,4.239999771118164,27930000
2023-03-14,4.480000019073486,4.730000019073486,4.369999885559082,4.690000057220459,27009600
2023-03-15,4.440000057220459,4.494999885559082,4.289999961853027,4.300000190734863,20627000
2023-03-16,4.610000133514404,4.630000114440918,4.389999866485596,4.420000076293945,17481000
2023-03-17,4.690000057220459,4.710000038146973,4.543000221252441,4.590000152587891,32831700
2023-03-20,4.429999828338623,4.679999828338623,4.40500020980835,4.670000076293945,22688000
2023-03-21,4.429999828338623,4.519999980926514,4.420000076293945,4.46999979019165,13572200
2023-03-22,4.320000171661377,4.545000076293945,4.320000171661377,4.480000019073486,16519500
2023-03-23,4.260000228881836,4.494999885559082,4.239999771118164,4.400000095367432,16745200
2023-03-24,4.170000076293945,4.260000228881836,4.130000114440918,4.199999809265137,21416700
2023-03-27,4.400000095367432,4.460000038146973,4.211999893188477,4.239999771118164,14899900
2023-03-28,4.360000133514404,4.449999809265137,4.289999961853027,4.369999885559082,11159000
2023-03-29,4.579999923706055,4.590000152587891,4.369999885559082,4.420000076293945,17736600
2023-03-30,4.809999942779541,4.829999923706055,4.670000076293945,4.690000057220459,19305800
2023-03-31,4.760000228881836,4.925000190734863,4.730000019073486,4.840000152587891,17266200
2023-04-03,4.519999980926514,4.699999809265137,4.340000152587891,4.639999866485596,24109100
2023-04-04,4.550000190734863,4.599999904632568,4.494999885559082,4.539999961853027,12768200
2023-04-05,4.480000019073486,4.586999893188477,4.400000095367432,4.519999980926514,13568800
2023-04-06,4.480000019073486,4.510000228881836,4.380000114440918,4.429999828338623,8139300
2023-04-10,4.519999980926514,4.539999961853027,4.400000095367432,4.449999809265137,10005500
2023-04-11,4.570000171661377,4.650000095367432,4.519999980926514,4.539999961853027,14009800
2023-04-12,4.420000076293945,4.625,4.389999866485596,4.599999904632568,20583800
2023-04-13,4.670000076293945,4.78000020980835,4.420000076293945,4.420000076293945,23693200
2023-04-14,4.659999847412109,4.769999980926514,4.590000152587891,4.71999979019165,14660700
2023-04-17,4.550000190734863,4.710000038146973,4.510000228881836,4.630000114440918,14001100
2023-04-18,4.860000133514404,4.900000095367432,4.599999904632568,4.610000133514404,28916200
2023-04-19,4.860000133514404,4.880000114440918,4.769999980926514,4.800000190734863,15154900
2023-04-20,4.889999866485596,4.889999866485596,4.690000057220459,4.789999961853027,14581400
2023-04-21,4.989999771118164,5.015999794006348,4.84499979019165,4.849999904632568,18448600
2023-04-24,4.920000076293945,5.010000228881836,4.849999904632568,4.940000057220459,14002200
2023-04-25,4.920000076293945,4.989999771118164,4.849999904632568,4.880000114440918,14642900
2023-04-26,4.940000057220459,5.025000095367432,4.909999847412109,4.949999809265137,10409500
2023-04-27,5.050000190734863,5.139999866485596,4.940000057220459,4.980000019073486,20525100
2023-04-28,5.159999847412109,5.199999809265137,4.960000038146973,5.0,25030400
2023-05-01,5.360000133514404,5.389999866485596,5.150000095367432,5.190000057220459,30118000
2023-05-02,5.190000057220459,5.375,5.1620001792907715,5.349999904632568,22030200
2023-05-03,5.179999828338623,5.289999961853027,5.139999866485596,5.179999828338623,16845000
2023-05-04,5.239999771118164,5.309000015258789,5.179999828338623,5.190000057220459,14701900
2023-05-05,5.460000038146973,5.590000152587891,5.300000190734863,5.329999923706055,31156800
2023-05-08,5.920000076293945,5.980000019073486,5.480000019073486,5.489999771118164,46879000
2023-05-09,5.820000171661377,5.880000114440918,5.730000019073486,5.849999904632568,22077500
2023-05-10,5.909999847412109,5.940000057220459,5.800000190734863,5.860000133514404,22155500
2023-05-11,5.909999847412109,5.949999809265137,5.840000152587891,5.940000057220459,14822100
2023-05-12,5.809999942779541,5.989999771118164,5.789999961853027,5.909999847412109,18766900
2023-05-15,6.090000152587891,6.150000095367432,5.789999961853027,5.849999904632568,41210700
2023-05-16,6.099999904632568,6.920000076293945,6.059999942779541,6.505000114440918,103268000
2023-05-17,6.179999828338623,6.21999979019165,5.800000190734863,6.179999828338623,45323100
2023-05-18,6.389999866485596,6.46999979019165,6.019999980926514,6.03000020980835,57025900
2023-05-19,6.519999980926514,6.585000038146973,6.364999771118164,6.440000057220459,41923200
2023-05-22,6.639999866485596,6.739999771118164,6.449999809265137,6.460000038146973,35871700
2023-05-23,6.840000152587891,7.090000152587891,6.619999885559082,6.639999866485596,57400600
2023-05-24,6.809999942779541,6.880000114440918,6.650000095367432,6.760000228881836,40398000
2023-05-25,6.909999847412109,7.070000171661377,6.78000020980835,6.809999942779541,28642400
2023-05-26,6.789999961853027,6.985000133514404,6.71999979019165,6.920000076293945,23242100
2023-05-30,6.75,6.934999942779541,6.71999979019165,6.829999923706055,17458800
2023-05-31,6.739999771118164,6.800000190734863,6.599999904632568,6.650000095367432,20538000
2023-06-01,6.829999923706055,6.869999885559082,6.610000133514404,6.650000095367432,28766200
2023-06-02,6.96999979019165,7.03000020980835,6.849999904632568,6.849999904632568,25544400
2023-06-05,6.920000076293945,6.980000019073486,6.769999980926514,6.949999809265137,17560000
2023-06-06,7.130000114440918,7.150000095367432,6.909999847412109,6.940000057220459,20442400
2023-06-07,7.389999866485596,7.550000190734863,7.099999904632568,7.139999866485596,36498500
2023-06-08,7.269999980926514,7.449999809265137,7.260000228881836,7.349999904632568,21280100
2023-06-09,7.489999771118164,7.559999942779541,7.230000019073486,7.300000190734863,35304800
2023-06-12,7.619999885559082,7.679999828338623,7.494999885559082,7.519999980926514,16696600
2023-06-13,7.539999961853027,7.670000076293945,7.360000133514404,7.659999847412109,21665900
2023-06-14,7.349999904632568,7.539999961853027,7.195000171661377,7.53000020980835,26072200
2023-06-15,7.409999847412109,7.489999771118164,7.239999771118164,7.269999980926514,22543600
2023-06-16,7.539999961853027,7.578000068664551,7.369999885559082,7.440000057220459,22103200
2023-06-20,7.679999828338623,7.739999771118164,7.539999961853027,7.550000190734863,31731800
2023-06-21,7.710000038146973,7.760000228881836,7.5,7.710000038146973,27025500
2023-06-22,7.489999771118164,7.716000080108643,7.449999809265137,7.639999866485596,27952400
2023-06-23,7.559999942779541,7.699999809265137,7.360000133514404,7.400000095367432,166408400
2023-06-26,7.309999942779541,7.579999923706055,7.21999979019165,7.519999980926514,21200600
2023-06-27,7.650000095367432,7.695000171661377,7.329999923706055,7.389999866485596,21089500
2023-06-28,7.800000190734863,7.989999771118164,7.579999923706055,7.630000114440918,23838400
2023-06-29,7.789999961853027,7.900000095367432,7.679999828338623,7.880000114440918,13953500
2023-06-30,7.889999866485596,8.0600004196167,7.800000190734863,7.849999904632568,19395600
2023-07-03,7.960000038146973,8.005000114440918,7.820000171661377,7.929999828338623,11954200
2023-07-05,7.880000114440918,7.96999979019165,7.760000228881836,7.920000076293945,18233700
2023-07-06,7.670000076293945,7.860000133514404,7.610000133514404,7.789999961853027,18086200
2023-07-07,7.78000020980835,7.869999885559082,7.650000095367432,7.710000038146973,17008300
2023-07-10,7.820000171661377,7.869999885559082,7.710000038146973,7.75,8913500
2023-07-11,7.809999942779541,7.840000152587891,7.664999961853027,7.820000171661377,11762500
2023-07-12,7.900000095367432,7.96999979019165,7.829999923706055,7.880000114440918,15591700
2023-07-13,8.180000305175781,8.289999961853027,7.929999828338623,7.96999979019165,34499700
2023-07-14,7.71999979019165,8.149999618530273,7.679999828338623,8.149999618530273,34311200
2023-07-17,7.869999885559082,7.920000076293945,7.639999866485596,7.75,26927400
2023-07-18,7.639999866485596,7.800000190734863,7.539999961853027,7.789999961853027,20325600
2023-07-19,7.619999885559082,7.704999923706055,7.610000133514404,7.630000114440918,19830300
2023-07-20,7.699999809265137,7.775000095367432,7.539999961853027,7.570000171661377,15315800
2023-07-21,7.920000076293945,7.96999979019165,7.690000057220459,7.71999979019165,20053300
2023-07-24,7.860000133514404,7.96999979019165,7.71999979019165,7.949999809265137,19623300
2023-07-25,7.840000152587891,8.010000228881836,7.800000190734863,7.929999828338623,19900400
2023-07-26,7.849999904632568,7.940000057220459,7.710000038146973,7.75,22178600
2023-07-27,7.78000020980835,7.940000057220459,7.769999980926514,7.940000057220459,26929600
2023-07-28,7.900000095367432,8.005000114440918,7.860000133514404,7.889999866485596,20596900
2023-07-31,7.960000038146973,8.109999656677246,7.889999866485596,7.929999828338623,20932500
2023-08-01,7.909999847412109,7.985000133514404,7.809999942779541,7.829999923706055,10979600
2023-08-02,7.809999942779541,7.925000190734863,7.650000095367432,7.869999885559082,15942600
2023-08-03,7.769999980926514,7.945000171661377,7.744999885559082,7.75,12747400
2023-08-04,7.849999904632568,7.989999771118164,7.78000020980835,7.809999942779541,18958200
2023-08-07,7.840000152587891,7.875,7.650000095367432,7.800000190734863,14242900
2023-08-08,7.989999771118164,8.0,7.710000038146973,7.739999771118164,12527300
2023-08-09,7.829999923706055,7.909999847412109,7.699999809265137,7.869999885559082,17044100
2023-08-10,7.739999771118164,8.0,7.730000019073486,7.864999771118164,14592000
2023-08-11,7.760000228881836,7.809999942779541,7.690000057220459,7.71999979019165,12662400
2023-08-14,7.940000057220459,7.96999979019165,7.690000057220459,7.699999809265137,20758600
2023-08-15,7.909999847412109,8.010000228881836,7.710000038146973,7.900000095367432,24575400
2023-08-16,7.639999866485596,8.204999923706055,7.460000038146973,8.164999961853027,55583100
2023-08-17,7.139999866485596,7.570000171661377,6.980000019073486,7.570000171661377,44141900
2023-08-18,7.210000038146973,7.28000020980835,6.610000133514404,6.96999979019165,31540700
2023-08-21,7.349999904632568,7.420000076293945,7.224999904632568,7.269999980926514,16294200
2023-08-22,7.349999904632568,7.389999866485596,7.210000038146973,7.320000171661377,18471600
2023-08-23,7.25,7.320000171661377,7.139999866485596,7.25,30005100
2023-08-24,7.070000171661377,7.300000190734863,7.050000190734863,7.289999961853027,15823200
2023-08-25,7.110000133514404,7.139999866485596,6.934999942779541,7.019999980926514,19440500
2023-08-28,6.960000038146973,7.0,6.730000019073486,6.940000057220459,46834100
2023-08-29,6.940000057220459,7.039999961853027,6.65500020980835,6.849999904632568,47188300
2023-08-30,7.039999961853027,7.110000133514404,6.860000133514404,6.920000076293945,31756500
2023-08-31,6.849999904632568,7.010000228881836,6.625,6.800000190734863,55081500
2023-09-01,7.110000133514404,7.210000038146973,6.940000057220459,7.0,53232700
2023-09-05,6.809999942779541,7.099999904632568,6.800000190734863,7.059999942779541,27831700
2023-09-06,6.900000095367432,6.980000019073486,6.820000171661377,6.849999904632568,26876900
2023-09-07,6.829999923706055,6.900000095367432,6.71999979019165,6.840000152587891,25129200
2023-09-08,6.809999942779541,6.840000152587891,6.670000076293945,6.820000171661377,17046500
2023-09-11,7.380000114440918,7.449999809265137,6.920000076293945,7.050000190734863,62588900
2023-09-12,7.460000038146973,7.510000228881836,7.309999942779541,7.329999923706055,26831700
2023-09-13,7.550000190734863,7.650000095367432,7.400000095367432,7.460000038146973,24526900
2023-09-14,7.53000020980835,7.659999847412109,7.489999771118164,7.599999904632568,17097800
2023-09-15,7.360000133514404,7.534999847412109,7.309999942779541,7.460000038146973,36558900
2023-09-18,7.289999961853027,7.429999828338623,7.289999961853027,7.360000133514404,11048400
2023-09-19,7.210000038146973,7.369999885559082,7.179999828338623,7.300000190734863,12301300
2023-09-20,7.010000228881836,7.329999923706055,7.010000228881836,7.239999771118164,19092800
2023-09-21,6.880000114440918,6.989999771118164,6.784999847412109,6.900000095367432,16242400
2023-09-22,6.849999904632568,7.03000020980835,6.829999923706055,6.920000076293945,15598500
2023-09-25,6.940000057220459,7.0,6.769999980926514,6.840000152587891,14163000
2023-09-26,6.809999942779541,6.968999862670898,6.769999980926514,6.909999847412109,13744600
2023-09-27,7.099999904632568,7.21999979019165,6.889999866485596,6.889999866485596,39762600
2023-09-28,7.289999961853027,7.414999961853027,7.010000228881836,7.050000190734863,33983100
2023-09-29,7.25,7.389999866485596,7.170000076293945,7.329999923706055,15543300
2023-10-02,7.050000190734863,7.34499979019165,7.019999980926514,7.239999771118164,17136900
2023-10-03,6.840000152587891,7.050000190734863,6.800000190734863,6.989999771118164,14883200
2023-10-04,7.03000020980835,7.039999961853027,6.840000152587891,6.920000076293945,18085700
2023-10-05,7.139999866485596,7.179999828338623,6.965000152587891,6.96999979019165,25433400
2023-10-06,7.380000114440918,7.460000038146973,6.960000038146973,7.050000190734863,21427100
2023-10-09,7.309999942779541,7.335000038146973,7.195000171661377,7.269999980926514,11355300
2023-10-10,7.599999904632568,7.610000133514404,7.340000152587891,7.349999904632568,23378900
2023-10-11,7.840000152587891,7.860000133514404,7.679999828338623,7.71999979019165,29833600
2023-10-12,7.789999961853027,7.994999885559082,7.710000038146973,7.900000095367432,32164200
2023-10-13,7.760000228881836,7.885000228881836,7.730999946594238,7.840000152587891,15996600
2023-10-16,7.900000095367432,8.020000457763672,7.684999942779541,7.769999980926514,30466200
2023-10-17,7.880000114440918,7.989999771118164,7.775000095367432,7.900000095367432,20240000
2023-10-18,7.710000038146973,7.949999809265137,7.690000057220459,7.880000114440918,17186500
2023-10-19,8.229999542236328,8.289999961853027,7.840000152587891,8.039999961853027,60174000
2023-10-20,8.170000076293945,8.239999771118164,7.980000019073486,8.199999809265137,25114500
2023-10-23,8.15999984741211,8.274999618530273,7.96999979019165,8.119999885559082,27005100
2023-10-24,8.079999923706055,8.420000076293945,8.020000457763672,8.229999542236328,16691900
2023-10-25,7.980000019073486,8.104999542236328,7.900000095367432,8.09000015258789,17626400
2023-10-26,7.989999771118164,8.010000228881836,7.739999771118164,7.889999866485596,30096900
2023-10-27,8.010000228881836,8.119999885559082,7.945000171661377,8.029999732971191,24541100
2023-10-30,8.079999923706055,8.220000267028809,8.050000190734863,8.100000381469727,17203700
2023-10-31,8.199999809265137,8.199999809265137,7.929999828338623,8.039999961853027,16430500
2023-11-01,8.300000190734863,8.380000114440918,8.194999694824219,8.220000267028809,32494100
2023-11-02,8.229999542236328,8.260000228881836,7.989999771118164,8.100000381469727,40114700
2023-11-03,8.479999542236328,8.619000434875488,8.350000381469727,8.399999618530273,32046900
2023-11-06,8.3100004196167,8.579999923706055,8.279999732971191,8.569999694824219,18883900
2023-11-07,8.449999809265137,8.520000457763672,8.3100004196167,8.430000305175781,17043000
2023-11-08,8.329999923706055,8.449999809265137,8.220000267028809,8.430000305175781,26904700
2023-11-09,8.260000228881836,8.449999809265137,8.25,8.34000015258789,27372800
2023-11-10,8.520000457763672,8.579999923706055,8.3149995803833,8.329999923706055,33886700
2023-11-13,8.449999809265137,8.550000190734863,8.355999946594238,8.550000190734863,21782700
2023-11-14,8.829999923706055,8.869999885559082,8.59000015258789,8.609999656677246,41100600
2023-11-15,8.170000076293945,8.300000190734863,7.900000095367432,8.15999984741211,74293000
2023-11-16,7.849999904632568,8.305000305175781,7.744999885559082,8.289999961853027,60539400
2023-11-17,8.069999694824219,8.164999961853027,7.840000152587891,7.920000076293945,68521400
2023-11-20,8.149999618530273,8.260000228881836,8.0600004196167,8.119999885559082,27439900
2023-11-21,8.15999984741211,8.300000190734863,8.100000381469727,8.140000343322754,31565100
2023-11-22,8.100000381469727,8.1899995803833,8.0600004196167,8.180000305175781,22290600
2023-11-24,8.210000038146973,8.25,8.069999694824219,8.079999923706055,12923200
2023-11-27,8.15999984741211,8.279999732971191,8.15999984741211,8.199999809265137,18916900
2023-11-28,8.100000381469727,8.180000305175781,8.079999923706055,8.149999618530273,24102300
2023-11-29,8.220000267028809,8.359999656677246,8.15999984741211,8.180000305175781,36194500
2023-11-30,8.140000343322754,8.229999542236328,8.039999961853027,8.220000267028809,30218300
2023-12-01,8.300000190734863,8.34000015258789,8.135000228881836,8.140000343322754,22274800
2023-12-04,8.180000305175781,8.260000228881836,8.140000343322754,8.199999809265137,23181300
2023-12-05,8.210000038146973,8.260000228881836,8.15999984741211,8.180000305175781,18072200
2023-12-06,8.149999618530273,8.3100004196167,8.149999618530273,8.229999542236328,15283600
2023-12-07,8.140000343322754,8.220000267028809,8.079999923706055,8.149999618530273,14198900
2023-12-08,8.220000267028809,8.270000457763672,8.109999656677246,8.109999656677246,16025500
2023-12-11,8.180000305175781,8.279999732971191,8.15999984741211,8.210000038146973,12710000
2023-12-12,8.199999809265137,8.220000267028809,8.119999885559082,8.180000305175781,26851500
2023-12-13,8.550000190734863,8.550000190734863,8.180000305175781,8.210000038146973,27183400
2023-12-14,8.4399995803833,8.680000305175781,8.40999984741211,8.569999694824219,25699700
2023-12-15,8.300000190734863,8.479999542236328,8.25,8.460000038146973,27735200
2023-12-18,8.329999923706055,8.359999656677246,8.210000038146973,8.3100004196167,16685900
2023-12-19,8.4399995803833,8.5,8.380000114440918,8.380000114440918,17443100
2023-12-20,8.100000381469727,8.40999984741211,8.09000015258789,8.380000114440918,29169600
2023-12-21,8.229999542236328,8.289999961853027,8.100000381469727,8.210000038146973,16833800
2023-12-22,8.220000267028809,8.279999732971191,8.149999618530273,8.25,12696800
2023-12-26,8.300000190734863,8.319999694824219,8.220000267028809,8.239999771118164,9553900
2023-12-27,8.329999923706055,8.399999618530273,8.289999961853027,8.319999694824219,9293100
2023-12-28,8.369999885559082,8.460000038146973,8.3100004196167,8.329999923706055,12253300
2023-12-29,8.329999923706055,8.420000076293945,8.300000190734863,8.380000114440918,7310700
2024-01-02,8.130000114440918,8.295000076293945,8.079999923706055,8.270000457763672,22009500
2024-01-03,8.09000015258789,8.199999809265137,8.0600004196167,8.079999923706055,18161200
2024-01-04,8.239999771118164,8.279999732971191,8.09000015258789,8.100000381469727,16669700
2024-01-05,8.569999694824219,8.619999885559082,8.260000228881836,8.279999732971191,36599700
2024-01-08,8.890000343322754,8.899999618530273,8.585000038146973,8.65999984741211,44489500
2024-01-09,8.930000305175781,8.949999809265137,8.710000038146973,8.800000190734863,22461300
2024-01-10,9.079999923706055,9.15999984741211,8.930000305175781,8.979999542236328,43517300
2024-01-11,9.069999694824219,9.149999618530273,8.859999656677246,9.119999885559082,36237900
2024-01-12,9.260000228881836,9.270000457763672,9.020000457763672,9.109999656677246,32163800
2024-01-16,9.170000076293945,9.494999885559082,9.020000457763672,9.3100004196167,45000700
2024-01-17,9.09000015258789,9.104999542236328,8.9399995803833,9.100000381469727,23413300
2024-01-18,9.050000190734863,9.170000076293945,8.920000076293945,9.149999618530273,29272300
2024-01-19,9.170000076293945,9.170000076293945,8.899999618530273,9.109999656677246,38676800
2024-01-22,8.920000076293945,9.270000457763672,8.84000015258789,9.170000076293945,36535200
2024-01-23,8.949999809265137,9.010000228881836,8.899999618530273,8.949999809265137,29940900
2024-01-24,9.0,9.149999618530273,8.979999542236328,9.0600004196167,42567800
2024-01-25,9.329999923706055,9.329999923706055,9.0,9.039999961853027,36349900
2024-01-26,9.5,9.5,9.265000343322754,9.329999923706055,29915000
2024-01-29,9.369999885559082,9.510000228881836,9.335000038146973,9.430000305175781,38417300
2024-01-30,8.779999732971191,9.010000228881836,8.510000228881836,8.920000076293945,72837900
2024-01-31,8.609999656677246,8.859999656677246,8.579999923706055,8.75,37947500
2024-02-01,9.010000228881836,9.039999961853027,8.720000267028809,8.829999923706055,35290700
2024-02-02,9.369999885559082,9.414999961853027,8.859999656677246,8.9399995803833,37371700
2024-02-05,9.270000457763672,9.40999984741211,9.09000015258789,9.350000381469727,17649200
2024-02-06,9.380000114440918,9.449999809265137,9.239999771118164,9.369999885559082,24966900
2024-02-07,9.5600004196167,9.600000381469727,9.34000015258789,9.359999656677246,24788900
2024-02-08,9.640000343322754,9.670000076293945,9.4399995803833,9.539999961853027,23428700
2024-02-09,9.890000343322754,9.930000305175781,9.699999809265137,9.75,34035000
2024-02-12,9.880000114440918,9.960000038146973,9.779999732971191,9.880000114440918,25531100
2024-02-13,9.920000076293945,10.079999923706055,9.539999961853027,9.760000228881836,55579800
2024-02-14,10.369999885559082,10.399999618530273,10.100000381469727,10.100000381469727,52973900
2024-02-15,10.460000038146973,10.494999885559082,9.979999542236328,10.3100004196167,48635000
2024-02-16,10.359999656677246,10.494999885559082,10.204000473022461,10.399999618530273,42334500
2024-02-20,10.260000228881836,10.279999732971191,10.069999694824219,10.239999771118164,47717900
2024-02-21,10.09000015258789,10.199999809265137,9.989999771118164,10.079999923706055,31304700
2024-02-22,10.359999656677246,10.479999542236328,10.1899995803833,10.25,44708900
2024-02-23,10.220000267028809,10.454999923706055,9.9399995803833,10.0,76818600
2024-02-26,10.720000267028809,10.850000381469727,10.239999771118164,10.289999961853027,48612800
2024-02-27,11.140000343322754,11.229999542236328,10.75,10.850000381469727,47871000
2024-02-28,11.069999694824219,11.170000076293945,10.920000076293945,11.029999732971191,28845100
2024-02-29,11.079999923706055,11.119999885559082,10.9399995803833,11.109999656677246,26912800
2024-03-01,11.270000457763672,11.329999923706055,11.020000457763672,11.1899995803833,24642000
2024-03-04,11.140000343322754,11.194999694824219,10.930000305175781,11.09000015258789,33712700
2024-03-05,11.100000381469727,11.119999885559082,10.9399995803833,11.09000015258789,29187800
2024-03-06,11.25,11.319999694824219,11.039999961853027,11.270000457763672,26863500
2024-03-07,11.510000228881836,11.510000228881836,11.265000343322754,11.319999694824219,24739500
2024-03-08,11.069999694824219,11.609999656677246,11.039999961853027,11.550000190734863,56133300
2024-03-11,11.550000190734863,11.5600004196167,11.109999656677246,11.119999885559082,38065100
2024-03-12,11.40999984741211,11.5,11.1899995803833,11.390000343322754,40030300
2024-03-13,11.59000015258789,11.670000076293945,11.380000114440918,11.4399995803833,20374900
2024-03-14,11.619999885559082,11.71500015258789,11.520000457763672,11.649999618530273,32424000
2024-03-15,11.609999656677246,11.65999984741211,11.479999542236328,11.529999732971191,27620000
2024-03-18,11.789999961853027,11.800000190734863,11.59000015258789,11.739999771118164,23119300
2024-03-19,11.850000381469727,11.859999656677246,11.545000076293945,11.640000343322754,28070100
2024-03-20,12.130000114440918,12.140000343322754,11.770000457763672,11.819999694824219,38124800
2024-03-21,12.239999771118164,12.385000228881836,12.170000076293945,12.25,26612500
2024-03-22,12.25,12.270000457763672,12.09000015258789,12.180000305175781,24041100
2024-03-25,12.170000076293945,12.28499984741211,12.140000343322754,12.25,20052700
2024-03-26,12.229999542236328,12.289999961853027,12.119999885559082,12.239999771118164,18129600
2024-03-27,11.949999809265137,12.329999923706055,11.720000267028809,12.270000457763672,28132600
2024-03-28,11.930000305175781,12.069999694824219,11.760000228881836,11.819999694824219,20034500
2024-04-01,11.819999694824219,12.013999938964844,11.75,12.0,19683300
2024-04-02,11.859999656677246,11.859999656677246,11.520000457763672,11.729999542236328,18026500
2024-04-03,11.90999984741211,11.979999542236328,11.71500015258789,11.859999656677246,16522700
2024-04-04,11.789999961853027,12.130000114440918,11.779999732971191,11.979999542236328,19009000
2024-04-05,11.979999542236328,12.109999656677246,11.789999961853027,11.789999961853027,16048300
2024-04-08,11.989999771118164,12.154999732971191,11.979999542236328,12.069999694824219,11290400
2024-04-09,11.819999694824219,12.09000015258789,11.75,12.0600004196167,15943000
2024-04-10,11.569999694824219,11.75,11.449999809265137,11.670000076293945,19711600
2024-04-11,11.550000190734863,11.64900016784668,11.430000305175781,11.640000343322754,14992300
2024-04-12,11.289999961853027,11.46500015258789,11.229999542236328,11.4399995803833,17482300
2024-04-15,10.949999809265137,11.399999618530273,10.914999961853027,11.270000457763672,24695300
2024-04-16,10.84000015258789,10.970000267028809,10.760000228881836,10.859999656677246,17143800
2024-04-17,10.789999961853027,10.970000267028809,10.729999542236328,10.90999984741211,12716400
2024-04-18,10.65999984741211,10.96500015258789,10.630000114440918,10.779999732971191,16982700
2024-04-19,10.479999542236328,10.770000457763672,10.430000305175781,10.600000381469727,27078500
2024-04-22,10.609999656677246,10.779999732971191,10.501999855041504,10.579999923706055,20053900
2024-04-23,10.920000076293945,10.96500015258789,10.5600004196167,10.569999694824219,22990200
2024-04-24,10.770000457763672,10.949999809265137,10.5600004196167,10.949999809265137,18780800
2024-04-25,10.869999885559082,11.0,10.479999542236328,10.539999961853027,19173600
2024-04-26,11.050000190734863,11.15999984741211,10.890000343322754,10.960000038146973,14749800
2024-04-29,11.010000228881836,11.199999809265137,10.890000343322754,11.0600004196167,15774700
2024-04-30,10.859999656677246,11.07800006866455,10.84000015258789,11.0,14292000
2024-05-01,10.880000114440918,11.0600004196167,10.5600004196167,10.829999923706055,25706400
2024-05-02,10.960000038146973,11.1850004196167,10.899999618530273,11.039999961853027,20553800
2024-05-03,11.680000305175781,11.770000457763672,11.149999618530273,11.170000076293945,27676300
2024-05-06,12.0,12.010000228881836,11.710000038146973,11.739999771118164,18501500
2024-05-07,11.989999771118164,12.039999961853027,11.920000076293945,12.010000228881836,20218100
2024-05-08,12.0,12.104999542236328,11.920000076293945,11.930000305175781,20959300
2024-05-09,11.789999961853027,11.960000038146973,11.699999809265137,11.949999809265137,23323000
2024-05-10,11.760000228881836,11.960000038146973,11.739999771118164,11.899999618530273,16422400
2024-05-13,11.380000114440918,11.850000381469727,11.3100004196167,11.84000015258789,23025300
2024-05-14,11.550000190734863,11.569999694824219,11.199999809265137,11.279999732971191,26623800
2024-05-15,12.09000015258789,12.494999885559082,11.710000038146973,12.024999618530273,55782400
2024-05-16,11.710000038146973,12.130000114440918,11.699999809265137,12.039999961853027,31213200
2024-05-17,11.65999984741211,11.930000305175781,11.609999656677246,11.819999694824219,28184700
2024-05-20,11.670000076293945,11.779999732971191,11.5,11.729999542236328,17644900
2024-05-21,12.020000457763672,12.0600004196167,11.619999885559082,11.619999885559082,24253300
2024-05-22,11.699999809265137,12.1899995803833,11.640000343322754,12.020000457763672,20443400
2024-05-23,11.569999694824219,11.9350004196167,11.539999961853027,11.729999542236328,17665100
2024-05-24,11.729999542236328,11.930000305175781,11.510000228881836,11.539999961853027,16217900
2024-05-28,12.180000305175781,12.21500015258789,11.710000038146973,11.800000190734863,30819500
2024-05-29,11.710000038146973,11.979999542236328,11.699999809265137,11.920000076293945,20837200
2024-05-30,12.170000076293945,12.274999618530273,11.720000267028809,11.75,31698200
2024-05-31,11.880000114440918,12.305000305175781,11.720000267028809,12.149999618530273,30546300
2024-06-03,11.75,12.005000114440918,11.600000381469727,11.885000228881836,24165400
2024-06-04,11.40999984741211,11.729999542236328,11.265000343322754,11.649999618530273,25636400
2024-06-05,11.710000038146973,11.710000038146973,11.449999809265137,11.65999984741211,20533300
2024-06-06,12.140000343322754,12.140000343322754,11.739999771118164,11.739999771118164,26571100
2024-06-07,11.890000343322754,12.180000305175781,11.880000114440918,12.010000228881836,24440900
2024-06-10,11.819999694824219,11.885000228881836,11.65999984741211,11.8100004196167,12347800
2024-06-11,11.65999984741211,11.789999961853027,11.4399995803833,11.770000457763672,14150500
2024-06-12,11.579999923706055,11.84000015258789,11.470000267028809,11.760000228881836,22107300
2024-06-13,11.619999885559082,11.84000015258789,11.460000038146973,11.619999885559082,24194000
2024-06-14,11.760000228881836,11.8100004196167,11.579999923706055,11.579999923706055,18899300
2024-06-17,11.829999923706055,11.920000076293945,11.630000114440918,11.640000343322754,22284800
2024-06-18,11.6899995803833,12.069999694824219,11.670000076293945,11.829999923706055,20518700
2024-06-20,12.079999923706055,12.109999656677246,11.630000114440918,11.65999984741211,37431100
2024-06-21,12.25,12.289999961853027,11.920000076293945,12.069999694824219,49373800
2024-06-24,11.859999656677246,12.968000411987305,11.609999656677246,12.4350004196167,59077500
2024-06-25,12.5,12.520000457763672,11.890000343322754,11.899999618530273,39180400
2024-06-26,12.680000305175781,12.835000038146973,12.4399995803833,12.609999656677246,39249600
2024-06-27,12.920000076293945,12.970000267028809,12.59000015258789,12.680000305175781,36250500
2024-06-28,12.890000343322754,13.010000228881836,12.619999885559082,13.0,120777300
2024-07-01,12.359999656677246,12.920000076293945,12.140000343322754,12.920000076293945,33646300
2024-07-02,12.350000381469727,12.369999885559082,12.09000015258789,12.300000190734863,18907300
2024-07-03,12.430000305175781,12.489999771118164,12.241000175476074,12.350000381469727,11625100
2024-07-05,12.819999694824219,12.829999923706055,12.399999618530273,12.470000267028809,20598800
2024-07-08,12.84000015258789,12.880000114440918,12.640000343322754,12.800000190734863,17339000
2024-07-09,13.149999618530273,13.239999771118164,12.725000381469727,12.880000114440918,30403700
2024-07-10,13.210000038146973,13.40999984741211,13.130000114440918,13.220000267028809,18246400
2024-07-11,13.25,13.329999923706055,13.069999694824219,13.329999923706055,18006900
2024-07-12,13.40999984741211,13.59000015258789,13.260000228881836,13.319999694824219,23273700
2024-07-15,13.34000015258789,13.5600004196167,13.329999923706055,13.5,17355700
2024-07-16,13.579999923706055,13.640000343322754,13.350000381469727,13.4399995803833,21407400
2024-07-17,13.220000267028809,13.359999656677246,13.010000228881836,13.34000015258789,28816500
2024-07-18,13.109999656677246,13.319999694824219,12.899999618530273,13.300000190734863,26914800
2024-07-19,13.470000267028809,13.479999542236328,13.125,13.130000114440918,27420800
2024-07-22,12.989999771118164,13.164999961853027,12.579999923706055,13.140000343322754,40468200
2024-07-23,12.869999885559082,13.109999656677246,12.739999771118164,12.850000381469727,19299700
2024-07-24,12.539999961853027,12.824999809265137,12.520000457763672,12.699999809265137,15953500
2024-07-25,12.369999885559082,12.579999923706055,12.25,12.5,27875500
2024-07-26,12.40999984741211,12.729999542236328,12.390000343322754,12.710000038146973,23542700
2024-07-29,12.220000267028809,12.65999984741211,12.1899995803833,12.460000038146973,17405500
2024-07-30,12.020000457763672,12.335000038146973,11.960000038146973,12.210000038146973,21738100
2024-07-31,12.130000114440918,12.270000457763672,12.050000190734863,12.109999656677246,25441500
2024-08-01,11.520000457763672,12.069999694824219,11.399999618530273,12.069999694824219,50513600
2024-08-02,10.920000076293945,11.15999984741211,10.729999542236328,11.100000381469727,64901600
2024-08-05,10.710000038146973,10.954999923706055,9.670000076293945,9.710000038146973,43390600
2024-08-06,11.0600004196167,11.279999732971191,10.84000015258789,11.010000228881836,25374800
2024-08-07,11.130000114440918,11.479999542236328,11.109999656677246,11.345000267028809,23089700
2024-08-08,11.890000343322754,12.010000228881836,11.239999771118164,11.279999732971191,38414500
2024-08-09,12.399999618530273,12.420000076293945,11.960000038146973,12.010000228881836,40476800
2024-08-12,12.5,12.670000076293945,12.350000381469727,12.539999961853027,23534300
2024-08-13,12.710000038146973,12.829999923706055,12.569999694824219,12.779999732971191,52242200
2024-08-14,13.380000114440918,13.479999542236328,12.420000076293945,12.680000305175781,69832700
2024-08-15,13.779999732971191,14.010000228881836,13.40999984741211,13.4399995803833,43341700
2024-08-16,14.09000015258789,14.300000190734863,13.680000305175781,13.710000038146973,43056500
2024-08-19,14.449999809265137,14.460000038146973,14.069999694824219,14.109999656677246,39380100
2024-08-20,14.449999809265137,14.5,14.3100004196167,14.449999809265137,31425900
2024-08-21,14.399999618530273,14.609999656677246,14.300000190734863,14.444999694824219,35450300
2024-08-22,14.210000038146973,14.649999618530273,14.119999885559082,14.489999771118164,39564300
2024-08-23,14.420000076293945,14.510000228881836,14.270000457763672,14.449999809265137,29365000
2024-08-26,14.630000114440918,14.850000381469727,14.399999618530273,14.40999984741211,36202700
2024-08-27,14.699999809265137,14.760000228881836,14.359999656677246,14.390000343322754,38257400
2024-08-28,14.300000190734863,14.760000228881836,13.899999618530273,14.670000076293945,35017700
2024-08-29,14.229999542236328,14.524999618530273,14.149999618530273,14.220000267028809,38490700
2024-08-30,14.970000267028809,15.0600004196167,14.270000457763672,14.270000457763672,561757400
2024-09-03,14.84000015258789,15.104999542236328,14.6899995803833,14.739999771118164,70090000
2024-09-04,14.239999771118164,14.850000381469727,14.21500015258789,14.850000381469727,48742100
2024-09-05,14.34000015258789,14.354999542236328,14.01099967956543,14.149999618530273,37439600
2024-09-06,13.699999809265137,14.4399995803833,13.420000076293945,14.329999923706055,48549900
2024-09-09,13.8100004196167,14.14799976348877,13.710000038146973,13.869999885559082,31057400
2024-09-10,13.729999542236328,13.949999809265137,13.670000076293945,13.880000114440918,25093900
2024-09-11,14.279999732971191,14.350000381469727,13.78499984741211,13.789999961853027,28356500
2024-09-12,14.510000228881836,14.539999961853027,14.130000114440918,14.3100004196167,22424900
2024-09-13,14.739999771118164,14.774999618530273,14.40999984741211,14.5600004196167,26339500
2024-09-16,14.890000343322754,15.020000457763672,14.739999771118164,14.75,23977000
2024-09-17,15.140000343322754,15.15999984741211,14.875,14.9399995803833,23687100
2024-09-18,14.850000381469727,15.15999984741211,14.765000343322754,15.149999618530273,23709100
2024-09-19,14.800000190734863,15.095000267028809,14.654999732971191,15.020000457763672,29875100
2024-09-20,14.630000114440918,14.930000305175781,14.4399995803833,14.760000228881836,38359600
2024-09-23,14.6899995803833,14.954999923706055,14.609999656677246,14.609999656677246,19305000
2024-09-24,14.800000190734863,14.989999771118164,14.710000038146973,14.770000457763672,16927200
2024-09-25,14.779999732971191,15.003000259399414,14.649999618530273,14.720000267028809,27493100
2024-09-26,13.819999694824219,14.850000381469727,13.779999732971191,14.819999694824219,48543800
2024-09-27,13.869999885559082,13.98799991607666,13.640000343322754,13.859999656677246,31765500
2024-09-30,13.649999618530273,13.829999923706055,13.579999923706055,13.789999961853027,30915000
2024-10-01,13.430000305175781,13.720000267028809,13.380000114440918,13.699999809265137,27308500
2024-10-02,13.220000267028809,13.710000038146973,13.170000076293945,13.640000343322754,33069000
2024-10-03,13.100000381469727,13.15999984741211,12.890000343322754,13.0600004196167,33657600
2024-10-04,13.229999542236328,13.399999618530273,12.980999946594238,13.25,22810700
2024-10-07,13.149999618530273,13.270000457763672,13.0,13.180000305175781,21061100
2024-10-08,13.470000267028809,13.604999542236328,13.180000305175781,13.199999809265137,25696000
2024-10-09,13.329999923706055,13.5,13.154999732971191,13.449999809265137,26492000
2024-10-10,13.430000305175781,13.5,13.149999618530273,13.25,16027500
2024-10-11,13.710000038146973,13.75,13.479999542236328,13.510000228881836,18927700
2024-10-14,14.680000305175781,14.739999771118164,13.949999809265137,14.029999732971191,35594100
2024-10-15,14.180000305175781,14.760000228881836,14.079999923706055,14.729999542236328,24064000
2024-10-16,14.109999656677246,14.300000190734863,14.0,14.130000114440918,18521200
2024-10-17,14.15999984741211,14.399999618530273,14.0649995803833,14.140000343322754,16443200
2024-10-18,14.449999809265137,14.5,14.260000228881836,14.319999694824219,14028900
2024-10-21,14.539999961853027,14.680000305175781,14.375,14.390000343322754,15294900
2024-10-22,14.539999961853027,14.600000381469727,14.335000038146973,14.40999984741211,12458600
2024-10-23,14.75,15.154999732971191,14.520000457763672,14.539999961853027,23198900
2024-10-24,15.020000457763672,15.020000457763672,14.729999542236328,14.829999923706055,14921400
2024-10-25,14.9399995803833,15.085000038146973,14.670000076293945,15.0,16710900
2024-10-28,15.479999542236328,15.649999618530273,15.029999732971191,15.029999732971191,31373200
2024-10-29,15.65999984741211,15.979999542236328,15.5,15.619999885559082,35445800
2024-10-30,15.729999542236328,15.8100004196167,15.25,15.699999809265137,22503900
2024-10-31,15.09000015258789,15.579999923706055,15.03499984741211,15.539999961853027,30526400
2024-11-01,14.34000015258789,15.050000190734863,14.279999732971191,15.050000190734863,34421400
2024-11-04,14.369999885559082,14.5600004196167,14.3100004196167,14.399999618530273,22056400
2024-11-05,14.670000076293945,14.699999809265137,14.380000114440918,14.449999809265137,17235800
2024-11-06,15.029999732971191,15.050000190734863,14.291000366210938,14.90999984741211,26382000
2024-11-07,15.220000267028809,15.295000076293945,14.994999885559082,15.180000305175781,26814200
2024-11-08,15.229999542236328,15.4350004196167,15.020000457763672,15.1899995803833,27219300
2024-11-11,15.890000343322754,16.014999389648438,15.229999542236328,15.279999732971191,30419100
2024-11-12,15.84000015258789,16.145000457763672,15.640000343322754,16.024999618530273,32078700
2024-11-13,15.640000343322754,15.960000038146973,15.630000114440918,15.949999809265137,42381800
2024-11-14,15.1899995803833,15.25,14.0,14.3100004196167,100681400
2024-11-15,14.0600004196167,14.989999771118164,13.960000038146973,14.975000381469727,49946700
2024-11-18,13.649999618530273,14.229999542236328,13.550000190734863,14.170000076293945,51444200
2024-11-19,13.460000038146973,13.720000267028809,13.319999694824219,13.479999542236328,58404000
2024-11-20,13.319999694824219,13.600000381469727,13.1899995803833,13.5600004196167,35327600
2024-11-21,13.399999618530273,13.5600004196167,13.25,13.425000190734863,33683200
2024-11-22,13.90999984741211,14.079999923706055,13.385000228881836,13.430000305175781,39564500
2024-11-25,14.229999542236328,14.420000076293945,13.649999618530273,13.954999923706055,96448600
2024-11-26,13.9399995803833,14.510000228881836,13.920000076293945,14.15999984741211,34490000
2024-11-27,13.529999732971191,14.005000114440918,13.489999771118164,13.979999542236328,31092900
2024-11-29,12.529999732971191,12.869999885559082,12.369999885559082,12.710000038146973,58174400
2024-12-02,12.0,12.220000267028809,11.550000190734863,12.130000114440918,95210300
2024-12-03,11.670000076293945,12.140000343322754,11.65999984741211,12.039999961853027,58206100
2024-12-04,12.0,12.135000228881836,11.475000381469727,11.6899995803833,45918100
2024-12-05,11.960000038146973,12.28499984741211,11.9399995803833,12.09000015258789,37547800
2024-12-06,12.029999732971191,12.039999961853027,11.734999656677246,11.979999542236328,33539000
2024-12-09,11.930000305175781,12.300000190734863,11.920000076293945,12.149999618530273,34289700
2024-12-10,11.760000228881836,12.039999961853027,11.65999984741211,11.960000038146973,31995700
2024-12-11,12.260000228881836,12.345000267028809,11.720000267028809,11.880000114440918,29897800
2024-12-12,11.989999771118164,12.380000114440918,11.920000076293945,12.15999984741211,31172300
2024-12-13,11.9399995803833,12.140000343322754,11.899999618530273,12.0,21832000
2024-12-16,11.739999771118164,11.890000343322754,11.550000190734863,11.880000114440918,31809400
2024-12-17,11.699999809265137,11.850000381469727,11.550000190734863,11.600000381469727,58755800
2024-12-18,10.399999618530273,11.640000343322754,10.399999618530273,11.579999923706055,98551600
2024-12-19,10.329999923706055,10.694999694824219,10.199999809265137,10.680000305175781,73185800
2024-12-20,10.380000114440918,10.449999809265137,10.210000038146973,10.239999771118164,69297000
2024-12-23,10.239999771118164,10.399999618530273,10.175000190734863,10.3100004196167,32886100
2024-12-24,10.369999885559082,10.40999984741211,10.300000190734863,10.300000190734863,26181900
2024-12-26,10.359999656677246,10.399999618530273,10.199999809265137,10.350000381469727,20236900
2024-12-27,10.329999923706055,10.4399995803833,10.199999809265137,10.289999961853027,30090300
2024-12-30,10.649999618530273,10.819999694824219,10.220000267028809,10.25,39684300
2024-12-31,10.359999656677246,10.720000267028809,10.329999923706055,10.630000114440918,23585000
2025-01-02,10.630000114440918,10.680000305175781,10.232000350952148,10.369999885559082,26641200
2025-01-03,10.970000267028809,11.050000190734863,10.680000305175781,10.680000305175781,29125100
2025-01-06,11.149999618530273,11.494999885559082,11.109999656677246,11.399999618530273,32059500
2025-01-07,11.15999984741211,11.300000190734863,10.960000038146973,11.25,24967400
2025-01-08,11.140000343322754,11.204999923706055,10.95199966430664,11.069999694824219,22241000
2025-01-10,10.949999809265137,11.199999809265137,10.835000038146973,11.0,28872200
2025-01-13,11.079999923706055,11.149999618530273,10.723999977111816,10.789999961853027,32408300
2025-01-14,10.90999984741211,11.199999809265137,10.880000114440918,11.180000305175781,20546000
2025-01-15,11.40999984741211,11.489999771118164,11.109999656677246,11.220000267028809,29371000
2025-01-16,11.279999732971191,11.510000228881836,11.140000343322754,11.510000228881836,29868700
2025-01-17,11.529999732971191,11.600000381469727,11.319999694824219,11.470000267028809,25197600
2025-01-21,11.479999542236328,11.829999923706055,11.460000038146973,11.795000076293945,37657800
2025-01-22,11.989999771118164,12.239999771118164,11.555000305175781,11.654999732971191,54769900
2025-01-23,12.1899995803833,12.208000183105469,11.78499984741211,12.024999618530273,29686900
2025-01-24,12.34000015258789,12.5600004196167,12.270000457763672,12.390000343322754,41257300
2025-01-27,12.319999694824219,12.475000381469727,11.979999542236328,12.010000228881836,40642300
2025-01-28,12.640000343322754,12.65999984741211,12.154999732971191,12.380000114440918,55214100
2025-01-29,12.550000190734863,12.640000343322754,12.390000343322754,12.600000381469727,35082600
2025-01-30,13.4399995803833,13.550000190734863,12.65999984741211,12.720000267028809,56871800
2025-01-31,13.239999771118164,13.574999809265137,13.170000076293945,13.420000076293945,48202100
2025-02-03,13.140000343322754,13.180000305175781,12.760000228881836,12.920000076293945,30462500
2025-02-04,13.300000190734863,13.468999862670898,13.029999732971191,13.149999618530273,33369700
2025-02-05,13.5600004196167,13.630000114440918,13.100000381469727,13.25,38790100
2025-02-06,13.779999732971191,13.819999694824219,13.539999961853027,13.640000343322754,31625500
2025-02-07,13.729999542236328,14.079999923706055,13.539999961853027,13.949999809265137,29707700
2025-02-10,13.949999809265137,14.020000457763672,13.640000343322754,13.880000114440918,38085400
2025-02-11,13.9399995803833,13.979999542236328,13.760000228881836,13.859999656677246,41991000
2025-02-12,13.640000343322754,13.829999923706055,13.489999771118164,13.720000267028809,30864900
2025-02-13,13.789999961853027,13.789999961853027,13.444999694824219,13.6899995803833,29585600
2025-02-14,13.699999809265137,14.0600004196167,13.619999885559082,13.899999618530273,49887200
2025-02-18,13.539999961853027,13.75,13.420000076293945,13.550000190734863,37078700
2025-02-19,13.479999542236328,13.619999885559082,13.295000076293945,13.479999542236328,37120500
2025-02-20,13.34000015258789,13.664999961853027,13.295000076293945,13.460000038146973,43933700
2025-02-21,10.819999694824219,12.020000457763672,10.739999771118164,11.90999984741211,164425400
2025-02-24,11.020000457763672,11.59000015258789,11.0,11.21500015258789,98101700
2025-02-25,11.210000038146973,11.420000076293945,10.949999809265137,11.0600004196167,76422600
2025-02-26,11.479999542236328,11.710000038146973,11.3100004196167,11.350000381469727,75617800
2025-02-27,11.25,11.800000190734863,11.25,11.479999542236328,63090000
2025-02-28,10.75,11.135000228881836,10.680000305175781,11.079999923706055,140209600
2025-03-03,10.470000267028809,11.199999809265137,10.319999694824219,11.0,80675200
2025-03-04,10.460000038146973,10.630000114440918,9.895000457763672,10.210000038146973,86900300
2025-03-05,10.869999885559082,10.890000343322754,10.470000267028809,10.59000015258789,76131300
2025-03-06,10.649999618530273,10.869999885559082,10.5600004196167,10.59000015258789,64370900
2025-03-07,10.8100004196167,10.989999771118164,10.25,10.774999618530273,63825300
2025-03-10,10.119999885559082,10.6899995803833,9.989999771118164,10.6899995803833,67561800
2025-03-11,10.600000381469727,10.720000267028809,10.15999984741211,10.15999984741211,55106300
2025-03-12,10.890000343322754,11.029999732971191,10.59000015258789,10.970000267028809,51718200
2025-03-13,10.75,11.199999809265137,10.630000114440918,10.850000381469727,46729100
2025-03-14,11.729999542236328,11.880000114440918,10.979999542236328,10.989999771118164,53741900
2025-03-17,11.819999694824219,11.90999984741211,11.651000022888184,11.680000305175781,36194600
2025-03-18,11.5,11.880000114440918,11.380000114440918,11.84000015258789,54579600
2025-03-19,11.949999809265137,12.069999694824219,11.529999732971191,11.6899995803833,47191600
2025-03-20,11.399999618530273,11.800000190734863,11.34000015258789,11.75,50607600
2025-03-21,11.59000015258789,11.680000305175781,11.220000267028809,11.229999542236328,60618000
2025-03-24,11.6899995803833,11.819999694824219,11.5,11.635000228881836,35977900
2025-03-25,11.380000114440918,11.569999694824219,11.140000343322754,11.359999656677246,64350900
2025-03-26,10.920000076293945,11.359999656677246,10.829999923706055,11.359999656677246,51710700
2025-03-27,11.09000015258789,11.180000305175781,10.760000228881836,10.800000190734863,56000200
2025-03-28,10.350000381469727,10.720000267028809,10.279999732971191,10.649999618530273,74003900
2025-03-31,10.239999771118164,10.40999984741211,9.779999732971191,10.180000305175781,82339900
2025-04-01,10.430000305175781,10.569999694824219,10.229999542236328,10.300000190734863,57589200
2025-04-02,10.59000015258789,10.670000076293945,10.119999885559082,10.170000076293945,55954700
2025-04-03,10.270000457763672,10.399999618530273,10.045000076293945,10.149999618530273,72017300
2025-04-04,9.600000381469727,9.869999885559082,9.010000228881836,9.850000381469727,93608400
2025-04-07,9.720000267028809,10.170000076293945,9.0600004196167,9.140000343322754,88220100
2025-04-08,9.970000267028809,10.619999885559082,9.75,10.260000228881836,78422700
2025-04-09,10.920000076293945,10.954999923706055,9.75,9.880000114440918,86927400
2025-04-10,10.25,10.699999809265137,9.949999809265137,10.569999694824219,45594800
2025-04-11,10.550000190734863,10.670000076293945,10.262999534606934,10.40999984741211,55382200
2025-04-14,10.649999618530273,10.930000305175781,10.5,10.854999542236328,50474400
2025-04-15,10.84000015258789,11.09000015258789,10.699999809265137,10.75,52950300
2025-04-16,10.800000190734863,10.96500015258789,10.579999923706055,10.6899995803833,45716600
2025-04-17,11.0,11.079999923706055,10.824999809265137,10.899999618530273,34630900
2025-04-21,10.710000038146973,10.960000038146973,10.550000190734863,10.819999694824219,36906100
2025-04-22,11.1899995803833,11.28499984741211,10.930000305175781,11.010000228881836,37026600
2025-04-23,11.489999771118164,11.640000343322754,11.430000305175781,11.515000343322754,52367000
2025-04-24,11.75,11.760000228881836,11.460000038146973,11.539999961853027,57333500
2025-04-25,12.010000228881836,12.039999961853027,11.770000457763672,11.869999885559082,41727500
2025-04-28,12.140000343322754,12.229000091552734,11.9399995803833,12.0600004196167,53324500
2025-04-29,12.40999984741211,12.460000038146973,12.149999618530273,12.199999809265137,45483900
2025-04-30,12.430000305175781,12.470000267028809,12.020000457763672,12.130000114440918,55925400
2025-05-01,12.34000015258789,12.505000114440918,12.260000228881836,12.5,32774500
2025-05-02,12.449999809265137,12.585000038146973,12.375,12.494999885559082,42520800
2025-05-05,12.470000267028809,12.59000015258789,12.364999771118164,12.399999618530273,45968300
2025-05-06,12.4399995803833,12.5600004196167,12.300000190734863,12.380000114440918,46864200
2025-05-07,12.369999885559082,12.5600004196167,12.279999732971191,12.539999961853027,48432900
2025-05-08,12.800000190734863,13.039999961853027,12.539999961853027,12.539999961853027,57817200
2025-05-09,12.829999923706055,12.979999542236328,12.744999885559082,12.890000343322754,38687300
2025-05-12,12.949999809265137,13.220000267028809,12.890000343322754,13.140000343322754,51498200
2025-05-13,13.140000343322754,13.239999771118164,12.789999961853027,12.989999771118164,92739900
2025-05-14,13.489999771118164,13.729999542236328,12.4399995803833,12.720000267028809,112000100
2025-05-15,13.130000114440918,13.569999694824219,13.069999694824219,13.5,45406600
2025-05-16,13.050000190734863,13.180000305175781,12.75,12.800000190734863,40484500
2025-05-19,13.100000381469727,13.135000228881836,12.729999542236328,12.729999542236328,31526900
2025-05-20,12.770000457763672,13.010000228881836,12.619999885559082,13.0,50387300
2025-05-21,11.989999771118164,12.6899995803833,11.960000038146973,12.479999542236328,93685600
2025-05-22,12.25,12.449999809265137,11.850000381469727,11.899999618530273,58489000
2025-05-23,11.989999771118164,12.180000305175781,11.720000267028809,11.75,77284200
2025-05-27,11.9399995803833,12.15999984741211,11.90999984741211,12.039999961853027,41606700
2025-05-28,12.199999809265137,12.25,11.859999656677246,11.90999984741211,59410500
2025-05-29,11.989999771118164,12.260000228881836,11.850000381469727,12.25,62222000
2025-05-30,12.010000228881836,12.050000190734863,11.710000038146973,11.949999809265137,64394400
2025-06-02,12.0,12.069999694824219,11.710000038146973,12.0600004196167,48125200
2025-06-03,11.989999771118164,12.114999771118164,11.829999923706055,11.90999984741211,28000400
2025-06-04,11.9399995803833,12.140000343322754,11.850000381469727,12.020000457763672,31704100
2025-06-05,12.109999656677246,12.210000038146973,11.984999656677246,12.010000228881836,51093100
2025-06-06,12.149999618530273,12.25,11.949999809265137,12.220000267028809,40880900
2025-06-09,11.920000076293945,12.180000305175781,11.885000228881836,12.170000076293945,46996400
2025-06-10,11.970000267028809,12.25,11.829999923706055,11.960000038146973,38864100
2025-06-11,12.760000228881836,12.779999732971191,12.020000457763672,12.149999618530273,85044600
2025-06-12,12.0,12.59000015258789,11.989999771118164,12.539999961853027,66002400
2025-06-13,11.899999618530273,12.050000190734863,11.829999923706055,11.960000038146973,54218900
2025-06-16,12.390000343322754,12.510000228881836,12.010000228881836,12.130000114440918,69333300
2025-06-17,12.100000381469727,12.430000305175781,12.010000228881836,12.300000190734863,51375400
2025-06-18,12.239999771118164,12.34000015258789,11.850000381469727,12.079999923706055,74768900
2025-06-20,12.140000343322754,12.430000305175781,12.109999656677246,12.305000305175781,61017500
2025-06-23,12.34000015258789,12.390000343322754,11.829999923706055,12.069999694824219,82381800
2025-06-24,13.430000305175781,13.479999542236328,12.529999732971191,12.569999694824219,117755500
2025-06-25,13.229999542236328,13.720000267028809,13.175000190734863,13.25,89197700
2025-06-26,13.390000343322754,13.420000076293945,13.039999961853027,13.3100004196167,97424800
2025-06-27,13.25,13.520000457763672,13.180000305175781,13.40999984741211,186379700
2025-06-30,13.720000267028809,13.960000038146973,13.300000190734863,13.430000305175781,121478000
2025-07-01,13.640000343322754,13.984999656677246,13.399999618530273,13.729999542236328,84237500
2025-07-02,13.489999771118164,13.744999885559082,13.34000015258789,13.65999984741211,60905200
2025-07-03,13.600000381469727,13.6850004196167,13.529999732971191,13.569999694824219,32685700
2025-07-07,13.359999656677246,13.520000457763672,13.229999542236328,13.449999809265137,38722300
2025-07-08,13.59000015258789,13.640000343322754,13.359999656677246,13.449999809265137,77054300
2025-07-09,13.640000343322754,13.850000381469727,13.375,13.5600004196167,56301100
2025-07-10,13.029999732971191,13.550000190734863,12.720000267028809,13.4399995803833,110297200
2025-07-11,12.829999923706055,13.09000015258789,12.8149995803833,12.949999809265137,63893500
2025-07-14,13.069999694824219,13.180000305175781,12.800000190734863,12.890000343322754,92254800
2025-07-15,13.539999961853027,13.539999961853027,13.125,13.199999809265137,123459300
2025-07-16,13.850000381469727,13.850000381469727,13.40999984741211,13.670000076293945,106952300
2025-07-17,13.989999771118164,14.135000228881836,13.779999732971191,13.859999656677246,92784000
2025-07-18,13.020000457763672,13.979999542236328,12.989999771118164,13.979999542236328,91477700
2025-07-21,12.890000343322754,13.180000305175781,12.84000015258789,13.149999618530273,66796300
2025-07-22,12.789999961853027,13.008999824523926,12.770000457763672,12.90999984741211,44846700
2025-07-23,12.960000038146973,13.020000457763672,12.770000457763672,12.850000381469727,50011900
2025-07-24,12.75,13.015000343322754,12.6899995803833,13.0,39547400
2025-07-25,12.729999542236328,12.925000190734863,12.720000267028809,12.8100004196167,33401700
2025-07-28,12.609999656677246,12.760000228881836,12.520000457763672,12.75,40569900
2025-07-29,12.630000114440918,12.779999732971191,12.529999732971191,12.619999885559082,37596400
2025-07-30,12.619999885559082,12.675000190734863,12.489999771118164,12.59000015258789,39630600
2025-07-31,12.220000267028809,12.720000267028809,12.180000305175781,12.670000076293945,46485900
2025-08-01,12.050000190734863,12.380000114440918,12.020000457763672,12.199999809265137,41239000
2025-08-04,12.029999732971191,12.145000457763672,11.920000076293945,12.130000114440918,26835000
2025-08-05,12.149999618530273,12.25,11.899999618530273,12.079999923706055,36346300
2025-08-06,12.220000267028809,12.53499984741211,12.109999656677246,12.359999656677246,33112800
2025-08-07,12.40999984741211,12.600000381469727,12.270000457763672,12.279999732971191,34620300
2025-08-08,12.300000190734863,12.59000015258789,12.25,12.5,21286100
2025-08-11,11.920000076293945,12.369999885559082,11.890000343322754,12.300000190734863,43082200
2025-08-12,12.239999771118164,12.289999961853027,11.895000457763672,11.920000076293945,38860700
2025-08-13,12.369999885559082,12.460000038146973,12.25,12.329999923706055,38023100
2025-08-14,12.010000228881836,12.319999694824219,11.890000343322754,12.270000457763672,62405900
2025-08-15,13.100000381469727,14.069999694824219,12.920000076293945,13.399999618530273,130527200
2025-08-18,13.329999923706055,13.510000228881836,12.770000457763672,13.100000381469727,84793300
2025-08-19,13.119999885559082,13.354999542236328,13.100000381469727,13.229999542236328,70276900
2025-08-20,13.619999885559082,13.75,13.140000343322754,13.46500015258789,82951200
2025-08-21,13.670000076293945,13.800000190734863,13.4399995803833,13.520000457763672,58211900
2025-08-22,13.9399995803833,13.979999542236328,13.489999771118164,13.720000267028809,57585900
2025-08-25,14.229999542236328,14.505000114440918,13.9350004196167,14.0,53917500
2025-08-26,14.239999771118164,14.350000381469727,14.071000099182129,14.239999771118164,70769700
2025-08-27,14.640000343322754,14.670000076293945,14.255000114440918,14.479999542236328,50414500
2025-08-28,14.770000457763672,15.114999771118164,14.65999984741211,14.75,59267400
2025-08-29,14.800000190734863,14.819999694824219,14.59000015258789,14.609999656677246,37376800
2025-09-02,14.859999656677246,14.869999885559082,14.34000015258789,14.579999923706055,50584500
2025-09-03,14.899999618530273,15.03499984741211,14.729999542236328,14.869999885559082,37627700
2025-09-04,14.869999885559082,14.994999885559082,14.479999542236328,14.84000015258789,45649700
2025-09-05,14.739999771118164,15.175000190734863,14.520000457763672,15.010000228881836,49821200
2025-09-08,15.220000267028809,15.345000267028809,14.710000038146973,14.779999732971191,61821400
2025-09-09,15.460000038146973,15.510000228881836,15.005000114440918,15.229999542236328,40629900
2025-09-10,15.510000228881836,15.710000038146973,15.300000190734863,15.550000190734863,37644300
2025-09-11,15.619999885559082,15.8149995803833,15.479999542236328,15.529999732971191,43807400
2025-09-12,15.6899995803833,15.770000457763672,15.539999961853027,15.680000305175781,31793600
2025-09-15,15.90999984741211,16.0049991607666,15.704999923706055,15.75,40993300
2025-09-16,15.890000343322754,16.06999969482422,15.65999984741211,15.9399995803833,37822300
2025-09-17,15.960000038146973,16.049999237060547,15.824999809265137,15.949999809265137,50224900
2025-09-18,15.989999771118164,16.1299991607666,15.885000228881836,16.010000228881836,39201800
2025-09-19,16.170000076293945,16.350000381469727,16.020000457763672,16.06999969482422,55866600
2025-09-22,16.299999237060547,16.299999237060547,15.979999542236328,16.110000610351562,42470400
2025-09-23,16.149999618530273,16.424999237060547,16.030000686645508,16.299999237060547,41466300
2025-09-24,16.010000228881836,16.3700008392334,15.911999702453613,16.18000030517578,36638600
2025-09-25,15.779999732971191,16.094999313354492,15.729999542236328,15.930000305175781,52139100
2025-09-26,15.779999732971191,15.994999885559082,15.550000190734863,15.930000305175781,50525100
2025-09-29,15.949999809265137,16.100000381469727,15.829999923706055,15.949999809265137,47947000
2025-09-30,16.010000228881836,16.190000534057617,15.649999618530273,15.960000038146973,56119700
2025-10-01,15.1899995803833,16.049999237060547,15.15999984741211,16.049999237060547,61535700
2025-10-02,15.220000267028809,15.399999618530273,15.020000457763672,15.270000457763672,47166400
2025-10-03,15.3100004196167,15.375,15.109999656677246,15.279999732971191,40872900
2025-10-06,15.380000114440918,15.489999771118164,15.125,15.369999885559082,38702400
2025-10-07,15.130000114440918,15.539999961853027,15.020000457763672,15.40999984741211,56880200
2025-10-08,15.460000038146973,15.5,15.050000190734863,15.180000305175781,54370700
2025-10-09,15.369999885559082,15.579999923706055,15.229999542236328,15.529999732971191,61507400
2025-10-10,14.920000076293945,15.449999809265137,14.880000114440918,15.359999656677246,43207400
2025-10-13,15.079999923706055,15.119999885559082,14.920000076293945,15.079999923706055,28037200
2025-10-14,14.90999984741211,15.1899995803833,14.640000343322754,14.850000381469727,36351300
2025-10-15,15.180000305175781,15.277999877929688,14.859999656677246,15.0,33325600
2025-10-16,14.729999542236328,15.3100004196167,14.61400032043457,15.289999961853027,40779400
2025-10-17,15.0,15.0600004196167,14.5600004196167,14.640000343322754,32845300
2025-10-20,15.40999984741211,15.640000343322754,15.0600004196167,15.130000114440918,31926900
2025-10-21,15.239999771118164,15.59000015258789,15.154999732971191,15.350000381469727,39797000
2025-10-22,15.15999984741211,15.460000038146973,15.03499984741211,15.319999694824219,26493200
2025-10-23,15.899999618530273,16.139999389648438,15.229999542236328,15.260000228881836,36213100
2025-10-24,15.84000015258789,16.1299991607666,15.793000221252441,16.09000015258789,19786300
2025-10-27,16.0,16.350000381469727,15.920000076293945,16.229999542236328,27273900
2025-10-28,15.930000305175781,16.06999969482422,15.819999694824219,15.960000038146973,19672500
2025-10-29,16.09000015258789,16.270000457763672,15.930000305175781,15.949999809265137,30817400
2025-10-30,16.059999465942383,16.239999771118164,16.014999389648438,16.06999969482422,32188300
2025-10-31,16.110000610351562,16.270000457763672,15.880000114440918,16.110000610351562,23422600
2025-11-03,16.1299991607666,16.5,15.96500015258789,16.190000534057617,21974000
2025-11-04,15.800000190734863,16.114999771118164,15.699999809265137,15.800000190734863,28371800
2025-11-05,16.170000076293945,16.420000076293945,15.789999961853027,15.859999656677246,35831200
2025-11-06,15.9399995803833,16.399999618530273,15.84000015258789,16.3700008392334,31258600
2025-11-07,15.869999885559082,15.875,15.449999809265137,15.819999694824219,30652300
2025-11-10,16.020000457763672,16.219999313354492,15.899999618530273,16.100000381469727,33323900
2025-11-11,16.389999389648438,16.549999237060547,16.049999237060547,16.09000015258789,45169800
2025-11-12,16.18000030517578,16.5,16.045000076293945,16.459999084472656,26346300
2025-11-13,15.59000015258789,16.19499969482422,15.484999656677246,16.040000915527344,37247000
2025-11-14,15.819999694824219,16.260000228881836,15.319999694824219,15.430000305175781,82486600
2025-11-17,15.600000381469727,15.869999885559082,15.5,15.734999656677246,37871900
2025-11-18,15.319999694824219,15.675000190734863,15.260000228881836,15.399999618530273,39278500
2025-11-19,15.65999984741211,15.720000267028809,15.1899995803833,15.274999618530273,40408100
2025-11-20,15.319999694824219,16.075000762939453,15.300000190734863,15.84000015258789,51830900
2025-11-21,15.890000343322754,16.020000457763672,15.255000114440918,15.354999542236328,73485300
2025-11-24,15.920000076293945,16.059999465942383,15.779999732971191,16.0,43056100
2025-11-25,16.610000610351562,16.674999237060547,15.680000305175781,15.920000076293945,42804200
2025-11-26,17.25,17.3799991607666,16.90999984741211,16.979999542236328,48146800
2025-11-28,17.389999389648438,17.55500030517578,17.200000762939453,17.389999389648438,19340700
2025-12-01,17.479999542236328,17.559999465942383,17.280000686645508,17.43000030517578,30852800
2025-12-02,17.610000610351562,17.84000015258789,17.479999542236328,17.709999084472656,34356500
2025-12-03,17.440000534057617,17.719999313354492,17.290000915527344,17.700000762939453,31836500
2025-12-04,17.649999618530273,17.815000534057617,17.360000610351562,17.649999618530273,26666700
2025-12-05,16.700000762939453,17.729999542236328,16.600000381469727,17.700000762939453,53913000
2025-12-08,16.6200008392334,17.075000762939453,16.469999313354492,16.8700008392334,37201900
2025-12-09,16.68000030517578,16.729999542236328,16.292999267578125,16.395000457763672,30795800
2025-12-10,16.690000534057617,16.850000381469727,16.46500015258789,16.600000381469727,31171300
2025-12-11,16.81999969482422,17.110000610351562,16.700000762939453,16.729999542236328,32632500
2025-12-12,16.899999618530273,17.059999465942383,16.600000381469727,16.905000686645508,36850500
2025-12-15,16.649999618530273,17.06999969482422,16.6299991607666,17.024999618530273,45163900
2025-12-16,16.200000762939453,16.520000457763672,16.18000030517578,16.5,47971400
2025-12-17,15.859999656677246,16.15999984741211,15.59000015258789,16.09000015258789,57798100
2025-12-18,16.270000457763672,16.356000900268555,16.062999725341797,16.149999618530273,40521000
2025-12-19,16.34000015258789,16.469999313354492,16.31399917602539,16.350000381469727,50945000
2025-12-22,16.6200008392334,16.6299991607666,16.350000381469727,16.420000076293945,31443400
2025-12-23,16.760000228881836,16.829999923706055,16.559999465942383,16.690000534057617,35653000
2025-12-24,16.739999771118164,16.78499984741211,16.649999618530273,16.700000762939453,7272800
2025-12-26,16.760000228881836,16.760000228881836,16.610000610351562,16.739999771118164,11809700
2025-12-29,16.65999984741211,16.809999465942383,16.540000915527344,16.665000915527344,15425000
2025-12-30,16.8799991607666,17.104999542236328,16.68000030517578,16.770000457763672,31432900
2025-12-31,16.739999771118164,16.924999237060547,16.709999084472656,16.8700008392334,19021700
2026-01-02,17.020000457763672,17.059999465942383,16.649999618530273,17.059999465942383,30939800
2026-01-05,17.940000534057617,18.138999938964844,17.165000915527344,17.18000030517578,74927000
2026-01-06,17.860000610351562,18.3700008392334,17.809999465942383,18.1200008392334,60360900
2026-01-07,17.5,17.760000228881836,17.405000686645508,17.6200008392334,28108700
2026-01-08,17.610000610351562,17.624000549316406,17.3700008392334,17.59000015258789,30708200
2026-01-09,17.459999084472656,18.06999969482422,17.389999389648438,17.68000030517578,29787800
2026-01-12,17.040000915527344,17.420000076293945,17.020000457763672,17.350000381469727,27271500
2026-01-13,16.559999465942383,17.06999969482422,16.415000915527344,17.059999465942383,39372600
2026-01-14,16.639999389648438,16.690000534057617,16.424999237060547,16.565000534057617,35326100
2026-01-15,16.610000610351562,16.969999313354492,16.500999450683594,16.75,36884600
2026-01-16,16.600000381469727,16.676000595092773,16.30500030517578,16.56999969482422,43398200
2026-01-20,16.969999313354492,17.315000534057617,16.350000381469727,16.360000610351562,78591400
2026-01-21,17.239999771118164,17.540000915527344,17.06999969482422,17.135000228881836,70069300
2026-01-22,18.0,18.0,17.329999923706055,17.665000915527344,63258500
2026-01-23,18.040000915527344,18.065000534057617,17.709999084472656,18.0,63154200
2026-01-26,18.18000030517578,18.260000228881836,17.899999618530273,18.049999237060547,53970200
2026-01-27,18.549999237060547,18.559999465942383,18.100000381469727,18.360000610351562,50655200
2026-01-28,18.760000228881836,18.78499984741211,18.360000610351562,18.635000228881836,49583600
2026-01-29,18.760000228881836,18.979999542236328,18.239999771118164,18.829999923706055,64466300
2026-01-30,17.75,18.6200008392334,17.709999084472656,18.530000686645508,51303400
2026-02-02,18.110000610351562,18.46500015258789,17.709999084472656,17.739999771118164,38723100
2026-02-03,18.1200008392334,18.649999618530273,17.84000015258789,18.405000686645508,46798000
2026-02-04,17.020000457763672,18.165000915527344,16.875,18.079999923706055,57903800
2026-02-05,16.809999465942383,17.135000228881836,16.549999237060547,16.829999923706055,57809100
2026-02-06,17.399999618530273,17.420000076293945,16.760000228881836,17.170000076293945,53460200
2026-02-09,17.549999237060547,17.84000015258789,17.21500015258789,17.440000534057617,49567500
2026-02-10,17.56999969482422,17.735000610351562,17.040000915527344,17.149999618530273,49285300
2026-02-11,17.40999984741211,17.989999771118164,17.350000381469727,17.94499969482422,32776100
2026-02-12,17.040000915527344,17.549999237060547,16.709999084472656,17.53499984741211,54608200
2026-02-13,16.81999969482422,16.8799991607666,16.3700008392334,16.739999771118164,51797000
2026-02-17,16.81999969482422,17.0,16.59000015258789,16.75,65102900
2026-02-18,17.170000076293945,17.479999542236328,16.84000015258789,16.950000762939453,53407800
2026-02-19,17.31999969482422,17.440000534057617,16.895000457763672,17.139999389648438,42259500
2026-02-20,17.530000686645508,17.59000015258789,17.170000076293945,17.200000762939453,39775900
2026-02-23,16.190000534057617,17.40999984741211,16.079999923706055,17.25,65734100
2026-02-24,16.530000686645508,16.59000015258789,15.869999885559082,16.190000534057617,49705900
2026-02-25,16.649999618530273,16.850000381469727,16.514999389648438,16.514999389648438,75506800
2026-02-26,15.0600004196167,15.9399995803833,15.039999961853027,15.920000076293945,145169300
2026-02-27,14.979999542236328,15.199999809265137,14.699999809265137,14.720000267028809,121614200
2026-03-02,15.1899995803833,15.336999893188477,14.3100004196167,14.460000038146973,80744700
2026-03-03,14.760000228881836,15.0600004196167,14.170000076293945,14.680000305175781,71785200
2026-03-04,15.0,15.354999542236328,14.800000190734863,14.994999885559082,73352300
2026-03-05,14.819999694824219,15.149999618530273,14.609999656677246,14.930000305175781,66399900
2026-03-06,14.579999923706055,14.725000381469727,14.234999656677246,14.505000114440918,51946500
2026-03-09,14.670000076293945,14.78499984741211,14.229999542236328,14.40999984741211,52743000
2026-03-10,14.880000114440918,15.145000457763672,14.529999732971191,14.739999771118164,61764800
2026-03-11,14.489999771118164,14.9399995803833,14.380000114440918,14.75,59096700
2026-03-12,13.970000267028809,14.350000381469727,13.880000114440918,14.199999809265137,64424400
2026-03-13,13.890000343322754,14.3100004196167,13.8149995803833,14.069999694824219,55098300
2026-03-16,14.270000457763672,14.369999885559082,14.0600004196167,14.119999885559082,46676300
2026-03-17,14.25,14.539999961853027,14.234999656677246,14.399999618530273,45310400
2026-03-18,13.970000267028809,14.274999618530273,13.914999961853027,14.220000267028809,30448648
