instrument,close_last_price,close_predicted_price,close_val_loss,close_percent_movement,close_likely_percent_uncertainty,close_minus_uncertainty,high_last_price,high_predicted_price,high_val_loss,high_percent_movement,high_likely_percent_uncertainty,high_minus_uncertainty,low_last_price,low_predicted_price,low_val_loss,low_percent_movement,low_likely_percent_uncertainty,low_minus_uncertainty
GOOG-2021-11-23 10:08:57.064694,"2999.050048828125","2931.621826171875","0.08547940850257874","-0.022483193530764015","0.014965701848268509","-0.037448895379032524","3037.0","41816.19921875","2733.84130859375","12.768916436862035","72.8319091796875","-60.062992742825465","2997.75","41508.40625","2692.689697265625","12.846520306896839","72.26753234863281","-59.42101204173598"
NET-2021-11-23 10:09:17.053124,"211.0399932861328","210.8275146484375","0.1446288377046585","-0.0010068169278570301","0.037042174488306046","-0.038048991416163074","220.7899932861328","3164.929931640625","135.517578125","13.334571438385044","4.3381571769714355","8.996414261413609","210.94000244140625","3113.469482421875","127.91071319580078","13.759976516482299","4.162325382232666","9.597651134249633"
COIN-2021-11-23 10:09:19.161186,"332.54998779296875","340.9992980957031","0.17679841816425323","0.025407639792170283","0.026317214593291283","-0.0009095748011209992","339.4100036621094","2747.376708984375","313.16357421875","7.094566098056005","7.795530796051025","-0.7009646979950208","325.3999938964844","2729.4072265625","296.8863220214844","7.387852728204948","7.438999176025391","-0.0511464478204422"
U-2021-11-23 10:09:06.917536,"189.75","190.6475067138672","0.09742072969675064","0.00472994315608531","0.026932494714856148","-0.022202551558770836","199.57000732421875","2490.120849609375","130.07823181152344","11.477430266182022","3.4678008556365967","8.009629410545426","188.25","2521.010986328125","120.85306549072266","12.391824628569058","3.1823859214782715","9.209438707090786"
COUR-2021-11-23 10:08:55.161355,"32.529998779296875","33.35881042480469","0.07987307012081146","0.025478379237914222","0.029934091493487358","-0.004455712255573136","33.900001525878906","526.927734375","0.9781802296638489","14.543590284877977","0.02451714314520359","14.519073141732774","32.43000030517578","501.6258850097656","1.756382942199707","14.467958072442782","0.02850782312452793","14.439450249318254"
NVDA-2021-11-23 10:09:00.855658,"329.8500061035156","291.0962829589844","0.04382326453924179","-0.11748892656491057","0.021357126533985138","-0.1388460530988957","330.8800048828125","5554.74462890625","184.98765563964844","15.787791788366206","5.094928741455078","10.692863046911128","319.04998779296875","5563.44775390625","178.04310607910156","16.437542600742447","4.895991325378418","11.541551275364029"
TSLA-2021-11-23 10:08:58.984947,"1137.06005859375","1012.8919677734375","0.054468244314193726","-0.10920099592089832","0.027557330206036568","-0.1367583261269349","1138.719970703125","21975.267578125","751.3929443359375","18.298219178992653","20.415002822875977","-2.1167836438833234","1092.699951171875","22214.876953125","723.7841796875","19.330262602556605","19.45277976989746","-0.12251716734085605"
ADSK-2021-11-23 10:09:09.132491,"322.5199890136719","323.620849609375","0.035744477063417435","0.003413309665145929","0.01358416210860014","-0.01017085244345421","327.1400146484375","4983.78955078125","269.29876708984375","14.234423572845719","7.1890788078308105","7.045344765014908","321.6400146484375","4961.5107421875","262.88494873046875","14.425663836045354","7.049370288848877","7.376293547196477"
CRWD-2021-11-23 10:09:12.879050,"257.6300048828125","265.3575439453125","0.04506243020296097","0.029994716904248035","0.021255778148770332","0.008738938755477703","269.6600036621094","4857.79150390625","235.6071319580078","17.014505072814515","6.309236526489258","10.705268546325257","256.9100036621094","4782.5009765625","226.65560913085938","17.615471987819102","6.165079116821289","11.450392870997813"
ADBE-2021-11-23 10:09:15.008742,"688.3699951171875","661.826171875","0.0849020704627037","-0.03856040128197148","0.015559844672679901","-0.05412024595465138","699.5","10767.5556640625","586.0657958984375","14.39321753261258","15.91744613647461","-1.5242286038620296","678.9099731445312","10975.10546875","574.3155517578125","15.165774407343314","15.303332328796387","-0.1375579214530731"
AMPL-2021-11-23 10:09:05.047328,"68.4000015258789","68.96382904052734","0.17948216199874878","0.00824309213553329","0.019895175471901894","-0.011652083336368604","69.98999786376953","704.9694213867188","34.90214157104492","9.072430960190779","0.8832358121871948","8.189195148003584","67.87999725341797","698.0477294921875","32.630130767822266","9.283555653164653","0.8339280486106873","8.449627604553966"
RBLX-2021-11-23 10:09:11.184307,"134.72000122070312","113.87385559082031","0.2878851592540741","-0.15473682779836018","0.0781165361404419","-0.23285336393880207","138.1999969482422","1360.3870849609375","67.4842758178711","8.843611541253662","1.7540916204452515","7.08951992080841","128.5399932861328","1354.6278076171875","59.29434585571289","9.538570704619197","1.5477668046951294","7.990803899924067"
GOOG-2021-11-23 10:08:57.064694,"3014.179931640625","2953.55029296875","0.08065244555473328","-0.020114804041865594","0.014347139745950699","-0.03446194378781629","3032.199951171875","41735.3203125","2728.955322265625","12.764039636096646","72.84263610839844","-60.07859647230179","2979.969970703125","42157.8984375","2687.16064453125","13.147088343830804","71.008056640625","-57.8609682967942"
NET-2021-11-23 10:09:17.053124,"217.25","206.5572052001953","0.08456400036811829","-0.0492188483305164","0.03429683670401573","-0.08351568503453213","221.63999938964844","3199.558349609375","133.45252990722656","13.435834499279503","4.225815773010254","9.210018726269249","208.5","3094.980224609375","126.46955108642578","13.844029854241606","4.140014171600342","9.704015682641264"
COIN-2021-11-23 10:09:19.161186,"323.57000732421875","346.3624572753906","0.1326439529657364","0.0704405520760573","0.02469724789261818","0.045743304183439124","344.8399963378906","2768.28125","313.666259765625","7.027726712093763","7.749082088470459","-0.721355376376696","323.4100036621094","2777.939453125","296.774169921875","7.589528529325646","7.306273937225342","0.28325459210030424"
U-2021-11-23 10:09:06.917536,"201.1199951171875","191.8535614013672","0.09313192218542099","-0.04607415443909989","0.02401578240096569","-0.07008993684006558","210.0","2497.316162109375","127.81909942626953","10.891981724330357","3.3977560997009277","7.494225624629429","192.9949951171875","2510.835693359375","119.12930297851562","12.009848736413","3.149707555770874","8.860141180642126"
COUR-2021-11-23 10:08:55.161355,"32.939998626708984","35.76358413696289","0.07582147419452667","0.0857190536724685","0.028359901160001755","0.057359152512466746","35.400001525878906","528.3612060546875","0.9681370258331299","13.925457154809244","0.02415420673787594","13.901302948071368","32.75","508.29229736328125","1.6249756813049316","14.520375492008588","0.02806374803185463","14.492311743976733"
NVDA-2021-11-23 10:09:00.855658,"316.75","276.5675964355469","0.06570176780223846","-0.12685841693592148","0.026317929849028587","-0.15317634678495007","327.6000061035156","5276.42041015625","183.92379760742188","15.106289108215087","5.10451602935791","10.001773078857177","313.2099914550781","5282.966796875","177.03309631347656","15.867171996435832","4.907186985015869","10.959985011419963"
TSLA-2021-11-23 10:08:58.984947,"1096.3800048828125","1068.7135009765625","0.03109501488506794","-0.02523441122880306","0.016274884343147278","-0.041509295571950336","1112.0","21798.435546875","747.3944702148438","18.602909664455936","20.471094131469727","-1.8681844670137906","1075.02001953125","21833.505859375","720.3099365234375","19.30985978186271","19.697561264038086","-0.3877014821753768"
ADSK-2021-11-23 10:09:09.132491,"322.17999267578125","326.8392333984375","0.03892553970217705","0.014461607885580203","0.013785604387521744","0.0006760034980584587","331.7699890136719","4927.4326171875","269.36285400390625","13.851954005352924","7.273033618927002","6.5789203864259225","320.9800109863281","4904.29931640625","262.9542236328125","14.279142465401513","7.133484363555908","7.145658101845605"
CRWD-2021-11-23 10:09:12.879050,"264.7200012207031","267.59649658203125","0.04610002785921097","0.010866180674160413","0.022181300446391106","-0.011315119772230693","274.9800109863281","4779.3505859375","236.48301696777344","16.38072003413778","6.4366254806518555","9.944094553485925","264.5599975585937","4758.05712890625","227.19674682617188","16.984794272809346","6.211545467376709","10.773248805432637"
ADBE-2021-11-23 10:09:15.008742,"670.9600219726562","658.6599731445312","0.07958884537220001","-0.01833201446482942","0.012502172030508518","-0.030834186495337937","676.5499877929688","10469.435546875","584.5501708984375","14.47474057464436","15.92943286895752","-1.4546922943131602","665.0800170898438","10450.5146484375","573.6746826171875","14.713168911863082","15.661373138427734","-0.948204226564652"
AMPL-2021-11-23 10:09:05.047328,"68.47000122070312","71.27143096923828","0.20527154207229614","0.040914702768956486","0.024608826264739037","0.01630587650421745","71.33999633789062","690.4657592773438","37.394630432128906","8.67852249398867","0.9661888480186462","7.712333645970023","68.12999725341797","697.415771484375","33.91555404663086","9.236544834872818","0.8675650954246521","8.368979739448166"
RBLX-2021-11-23 10:09:11.184307,"126.12000274658205","110.77826690673828","0.26601308584213257","-0.12164395421613276","0.07009820640087128","-0.19174216061700405","138.77000427246094","1194.64306640625","64.27490234375","7.60879894520064","1.6711088418960571","5.937690103304583","120.80999755859376","1203.2677001953125","56.01642608642578","8.96000103064085","1.445954442024231","7.514046588616619"
GOOG-2021-11-23 10:08:57.064694,"2981.239990234375","2888.65234375","0.09179270267486572","-0.031056757184146074","0.01639438048005104","-0.04745113766419712","2992.52001953125","41980.015625","2723.427490234375","13.028315717525517","71.58141326904297","-58.55309755151745","2971.260009765625","40837.8828125","2683.206298828125","12.74429793363029","72.49663543701172","-59.752337503381426"
NET-2021-11-23 10:09:17.053124,"211.8000030517578","206.7510223388672","0.10727452486753464","-0.02383843550586163","0.028080904856324196","-0.051919340362185824","216.0","3103.734130859375","131.89215087890625","13.36913949471933","4.197410583496094","9.171728911223235","208.0399932861328","3049.687744140625","124.59071350097656","13.659141715824628","4.035314083099365","9.623827632725263"
COIN-2021-11-23 10:09:19.161186,"346.5199890136719","346.765869140625","0.1845034658908844","0.0007095698220844161","0.02324923872947693","-0.022539668907392514","348.489990234375","2688.868896484375","314.861572265625","6.7157708164759375","8.008343696594238","-1.2925728801183007","338.17999267578125","2726.09716796875","298.25970458984375","7.0610835265535785","7.482485294342041","-0.4214017677884625"
U-2021-11-23 10:09:06.917536,"191.8000030517578","187.16636657714844","0.08961319923400879","-0.02415868822149588","0.028347153216600418","-0.05250584143809629","198.7100067138672","2435.352783203125","125.16357421875","11.255813501681953","3.320080518722534","7.9357329829594185","190.05999755859372","2424.55322265625","117.31922912597656","11.756778142695612","3.125863552093506","8.630914590602107"
COUR-2021-11-23 10:08:55.161355,"35.540000915527344","36.425376892089844","0.07289983332157135","0.024912097742115738","0.024821823462843895","9.027427927184306e-05","36.36000061035156","525.923828125","1.1160610914230347","13.464351465804743","0.02877063862979412","13.435580827174949","35.099998474121094","510.5069274902344","1.2283897399902344","13.544357540830848","0.028089242056012154","13.516268298774836"
NVDA-2021-11-23 10:09:00.855658,"292.6099853515625","282.0946960449219","0.05073675513267517","-0.035936194364682414","0.022618483752012253","-0.05855467811669467","305.0899963378906","5165.32470703125","182.2419891357422","15.930495162190091","5.012971878051758","10.917523284138333","288.0","5196.32080078125","175.25733947753906","17.04278055826823","4.792087078094482","12.250693480173748"
TSLA-2021-11-23 10:08:58.984947,"1089.010009765625","1031.8062744140625","0.039537083357572556","-0.05252819977648672","0.01824299991130829","-0.07077119968779501","1119.6400146484375","21713.095703125","743.5523071289062","18.392925778865475","20.445903778076172","-2.0529779992106967","1055.5","21661.17578125","716.811279296875","19.52219401350071","19.75783348083496","-0.23563946733425212"
ADSK-2021-11-23 10:09:09.132491,"330.54998779296875","325.8965759277344","0.03703366965055466","-0.014077785621183917","0.014859473332762718","-0.028937258953946637","335.4800109863281","5072.4140625","267.9034729003906","14.119869728115386","7.02687406539917","7.092995662716216","328.5400085449219","4973.40380859375","262.0934143066406","14.137893952765657","7.011338710784912","7.1265552419807445"
CRWD-2021-11-23 10:09:12.879050,"269.7799987792969","259.93499755859375","0.0503995306789875","-0.036492702443657356","0.022596051916480064","-0.05908875436013742","270.5799865722656","4835.01904296875","236.1708221435547","16.869093365770528","6.354116916656494","10.514976449114034","262.3909912109375","4828.81005859375","226.71775817871094","17.40310917805804","6.107628345489502","11.295480832568536"
ADBE-2021-11-23 10:09:15.008742,"670.6699829101562","660.4375610351562","0.09574621915817261","-0.015257014829558501","0.014288012869656086","-0.029545027699214587","672.739990234375","10489.7978515625","583.0575561523438","14.59264798262992","15.857915878295898","-1.2652678956659784","662.8400268554688","10558.9638671875","571.8548583984375","14.929882685690412","15.451345443725586","-0.5214627580351738"
AMPL-2021-11-23 10:09:05.047328,"71.0999984741211","72.33073425292969","0.05788838863372803","0.017309926937010493","0.009697871282696724","0.007612055654313769","73.3489990234375","710.2071533203125","37.713050842285156","8.682574578739338","0.9473305344581604","7.735244044281178","70.37999725341797","705.062744140625","34.26691436767578","9.017942194596833","0.8670461177825928","8.15089607681424"
RBLX-2021-11-23 10:09:11.184307,"124.6999969482422","109.22161102294922","0.2516515254974365","-0.12412499040972245","0.06331787258386612","-0.1874428629935886","125.87999725341795","1157.3927001953125","60.96601104736328","8.194413135116957","1.5986955165863037","6.595717618530653","116.5500030517578","1168.8492431640625","53.51239776611328","9.028736272490677","1.3894872665405273","7.63924900595015"
GOOG-2021-11-23 10:08:57.064694,"2981.52001953125","2894.190673828125","0.09539777785539627","-0.029290209400255774","0.0166193637996912","-0.04590957319994697","2996.64990234375","41189.84375","2719.4404296875","12.74529727940006","72.8478012084961","-60.10250392909603","2967.0","41187.1875","2678.193359375","12.881761880687563","71.74750518798828","-58.86574330730072"
NET-2021-11-23 10:09:17.053124,"212.1699981689453","203.48345947265625","0.11185435205698013","-0.040941409111820815","0.03401816636323929","-0.0749595754750601","214.9429931640625","3103.38720703125","130.27247619628906","13.438187360043344","4.146328926086426","9.291858433956918","204.63999938964844","3024.781494140625","123.30438995361328","13.780988580738","4.026535987854004","9.754452592883997"
COIN-2021-11-23 10:09:19.161186,"342.1199951171875","348.2470397949219","0.15271860361099243","0.017909051692917444","0.0248885340988636","-0.006979482405946157","347.3999938964844","2715.086181640625","313.639892578125","6.815446831728057","7.900240421295166","-1.0847935895671093","331.5799865722656","2759.219482421875","296.5854187011719","7.321429501658182","7.351165771484375","-0.02973626982619315"
U-2021-11-23 10:09:06.917536,"196.00999450683597","190.72434997558594","0.08870937675237656","-0.026966199068311734","0.023832673206925392","-0.05079887227523713","198.4900054931641","2410.417724609375","124.09166717529297","11.143773781558934","3.325697898864746","7.818075882694188","187.0200042724609","2417.325439453125","115.99777221679688","11.925491306969676","3.099895477294922","8.825595829674754"
COUR-2021-11-23 10:08:55.161355,"36.540000915527344","35.852508544921875","0.0674072727560997","-0.01881478799616902","0.024206364527344704","-0.043021152523513725","37.02999877929688","527.0245361328125","1.0524526834487915","13.232367094418239","0.026931464672088623","13.20543562974615","35.560001373291016","509.61724853515625","1.3604751825332642","13.331193162380693","0.027194218710064888","13.303998943670628"
NVDA-2021-11-23 10:09:00.855658,"302.0299987792969","289.2964782714844","0.044382140040397644","-0.04215978730350324","0.019942261278629303","-0.062102048582132544","303.8999938964844","5086.07666015625","181.61378479003906","15.736020935520946","5.073531150817871","10.662489784703075","297.0599975585937","5170.5966796875","174.3301239013672","16.405900229523915","4.790449142456055","11.61545108706786"
TSLA-2021-11-23 10:08:58.984947,"1054.72998046875","1017.0911254882812","0.043582405894994736","-0.035685773304501164","0.017444588243961334","-0.0531303615484625","1057.199951171875","21825.857421875","739.3297119140625","19.644966354455164","20.224760055541992","-0.5797937010868282","1002.1799926757812","21991.7734375","712.648193359375","20.943935818138645","19.347793579101562","1.596142239037082"
ADSK-2021-11-23 10:09:09.132491,"333.6400146484375","323.3005676269531","0.03744202479720116","-0.030989829059860332","0.013836625032126904","-0.04482645409198724","334.20001220703125","4996.19580078125","268.1098327636719","13.949717589136984","7.139566421508789","6.810151167628195","325.239990234375","5040.47314453125","261.20269775390625","14.497704144250452","6.894534111022949","7.603170033227503"
CRWD-2021-11-23 10:09:12.879050,"262.510009765625","260.7554016113281","0.043821413069963455","-0.006683966664217603","0.02143629640340805","-0.028120263067625655","262.8800048828125","4822.681640625","236.35328674316406","17.345562808304386","6.3752946853637695","10.970268122940617","253.9900054931641","4754.66015625","227.335205078125","17.719871071375554","6.219771385192871","11.500099686182683"
ADBE-2021-11-23 10:09:15.008742,"671.030029296875","650.0305786132812","0.06705427169799805","-0.03129435310905176","0.014125405810773373","-0.04541975891982513","673.739990234375","10439.8017578125","581.8880004882812","14.495297754525138","15.901899337768555","-1.4066015832434164","658.989990234375","10581.2529296875","570.4546508789062","15.056773375152776","15.3810453414917","-0.3242719663389231"
AMPL-2021-11-23 10:09:05.047328,"72.61000061035156","72.57354736328125","0.0424114465713501","-0.0005020416852209141","0.0005534904194064438","-0.001055532104627358","74.19000244140625","697.5709228515625","38.561859130859375","8.402492248231017","0.9861989617347717","7.416293286496245","69.69000244140625","702.9216918945312","32.731929779052734","9.086406475384065","0.8307295441627502","8.255676931221315"
RBLX-2021-11-23 10:09:11.184307,"116.18000030517578","102.14759826660156","0.23700790107250214","-0.1207815631065124","0.05766083300113678","-0.17844239610764917","120.83000183105467","1027.5833740234375","57.197086334228516","7.504372742294679","1.4522150754928589","6.05215766680182","104.1999969482422","1018.4619750976562","50.92656326293945","8.774107532877785","1.304588794708252","7.469518738169533"
GOOG-2021-11-23 10:08:57.064694,"2987.760009765625","2937.28369140625","0.0748523399233818","-0.01689436842128917","0.01187870092689991","-0.02877306934818908","3009.5400390625","41556.8046875","2714.469482421875","12.808357472607454","72.07254791259766","-59.2641904399902","2973.050048828125","41926.67578125","2672.815185546875","13.102243518495785","70.34050750732422","-57.238263988828436"
NET-2021-11-23 10:09:17.053124,"206.6000061035156","208.52394104003906","0.10733769834041595","0.009312366310190189","0.03149089217185974","-0.022178525861669553","209.0","3062.4951171875","128.7029571533203","13.653086685107656","4.105473518371582","9.547613166736074","204.75999450683597","2965.489501953125","122.06399536132812","13.482758260936178","4.021067142486572","9.461691118449606"
COIN-2021-11-23 10:09:19.161186,"345.3599853515625","345.3971252441406","0.1458861231803894","0.0001075396518224834","0.024579135701060295","-0.02447159604923781","355.20001220703125","2716.594970703125","311.87615966796875","6.6480711636905445","7.851451396942139","-1.2033802332515942","339.0299987792969","2736.48828125","295.631103515625","7.071522552880078","7.38838005065918","-0.3168574977791021"
U-2021-11-23 10:09:06.917536,"197.5500030517578","183.4282989501953","0.0825953483581543","-0.07148420087780324","0.025808580219745636","-0.09729278109754888","207.0","2435.2431640625","121.40199279785156","10.76445972977053","3.2204456329345703","7.54401409683596","197.13999938964844","2443.676025390625","113.52294158935547","11.395637785108663","3.0010452270507812","8.394592558057882"
COUR-2021-11-23 10:08:55.161355,"35.7400016784668","35.306400299072266","0.07358229905366898","-0.012132102938757675","0.02448645792901516","-0.036618560867772834","35.93000030517578","526.6900024414062","0.9274876117706299","13.658780906426422","0.023665333166718483","13.635115573259704","34.2599983215332","507.2688293457031","1.7192966938018799","13.806446415581782","0.023825928568840027","13.782620487012942"
NVDA-2021-11-23 10:09:00.855658,"300.25","284.1302185058594","0.06617739051580429","-0.05368786509289134","0.01956816203892231","-0.07325602713181364","306.44000244140625","5210.60107421875","179.51736450195312","16.003658245352803","4.895116806030273","11.10854143932253","292.4700012207031","5236.634765625","172.67816162109375","16.904861161036962","4.685215473175049","12.219645687861913"
TSLA-2021-11-23 10:08:58.984947,"1013.3900146484376","1022.61572265625","0.037473712116479874","0.009103807886850892","0.018084177747368813","-0.008980369860517921","1031.97998046875","22089.91015625","735.3369140625","20.405366939595314","19.875083923339844","0.5302830162554706","978.5999755859376","22085.962890625","709.2741088867188","21.568938730456242","19.174068450927734","2.394870279528508"
ADSK-2021-11-23 10:09:09.132491,"326.3900146484375","324.0155334472656","0.03437614068388939","-0.0072749811409809385","0.014075087383389473","-0.02135006852437041","332.4599914550781","4893.27197265625","268.5248718261719","13.718378446801552","7.301023006439209","6.417355440362343","325.0899963378906","4943.2861328125","261.59619140625","14.205900484475594","7.040674209594727","7.165226274880867"
CRWD-2021-11-23 10:09:12.879050,"254.1499938964844","280.3525695800781","0.04638630524277687","0.10309886410725652","0.020751437172293663","0.08234742693496286","272.3699951171875","4770.14013671875","236.9174346923828","16.51345677656745","6.460901737213135","10.052555039354313","247.75","4894.38916015625","226.41009521484375","18.75535483413219","6.017616271972656","12.737738562159535"
ADBE-2021-11-23 10:09:15.008742,"659.72998046875","652.8922729492188","0.06343834847211838","-0.010364403198218968","0.015535403043031693","-0.025899806241250663","663.6699829101562","10589.5068359375","579.9571533203125","14.955982805645506","15.62507152557373","-0.669088719928224","655.1900024414062","10645.5908203125","568.8829956054688","15.248097163638477","15.245966911315918","0.00213025232255859"
AMPL-2021-11-23 10:09:05.047328,"72.69000244140625","72.65119171142578","0.045173630118370056","-0.0005339211538994402","0.0005307408864609897","-0.00106466204036043","73.62999725341797","698.6832885742188","39.101505279541016","8.489111973880798","0.9984078407287598","7.490704133152038","67.06999969482422","701.9763793945312","33.95991897583008","9.466324475750708","0.8630561232566833","8.603268352494025"
RBLX-2021-11-23 10:09:11.184307,"108.05999755859376","102.28206634521484","0.2258152961730957","-0.053469658929484354","0.046017419546842575","-0.09948707847632693","110.3499984741211","894.3724365234375","55.24095153808594","7.104870402269944","1.40577232837677","5.699098073893174","103.81999969482422","899.15234375","49.25813293457031","7.6606852860049255","1.2468576431274414","6.413827642877484"
GOOG-2021-11-23 10:08:57.064694,"2992.909912109375","2887.505126953125","0.08761735260486603","-0.03521816167261837","0.015150727704167366","-0.050368889376785735","2997.18994140625","41753.4375","2709.5693359375","12.930861345547465","71.60363006591797","-58.672768720370506","2929.080078125","41587.12890625","2668.45166015625","13.198017055536182","70.7990493774414","-57.60103232190522"
NET-2021-11-23 10:09:17.053124,"204.75999450683597","202.4519500732422","0.09355121850967407","-0.011271950065991644","0.03397028148174286","-0.045242231547734504","207.4600067138672","3079.0244140625","127.00819396972656","13.841532413084076","4.0296630859375","9.811869327146576","197.43099975585935","2986.955322265625","120.20024108886719","14.12911004836756","3.9312143325805664","10.197895715786993"
COIN-2021-11-23 10:09:19.161186,"342.9800109863281","344.18267822265625","0.19404971599578857","0.0035065228229177055","0.023484909906983376","-0.01997838708406567","344.0","2755.51025390625","309.01715087890625","7.010204226471657","7.669609546661377","-0.6594053201897196","332.5599975585937","2761.430419921875","292.93060302734375","7.303555569503933","7.254764556884766","0.04879101261916752"
U-2021-11-23 10:09:06.917536,"196.6499938964844","179.18441772460938","0.07809796184301376","-0.08881554393064879","0.022317493334412575","-0.11113303726506137","196.8300018310547","2418.27099609375","118.77452850341797","11.28608938473428","3.1507577896118164","8.135331595122464","180.1999969482422","2411.7138671875","111.35132598876953","12.383540000171047","2.961871862411499","9.421668137759548"
COUR-2021-11-23 10:08:55.161355,"35.22999954223633","35.190006256103516","0.06974261999130249","-0.0011352054116511013","0.025081928819417953","-0.026217134231069056","35.40999984741211","524.8714599609375","0.941780149936676","13.82269026327875","0.023745117709040642","13.798945145569709","34.7400016784668","506.8291320800781","1.5217593908309937","13.589208623850773","0.023079367354512215","13.56612925649626"
NVDA-2021-11-23 10:09:00.855658,"303.8999938964844","282.0162658691406","0.0712284967303276","-0.0720096362844873","0.021401003003120422","-0.09341063928760772","306.79998779296875","5180.05224609375","178.49484252929688","15.884134459579228","4.895938396453857","10.98819606312537","296.29998779296875","5207.521484375","171.74468994140625","16.575166044264602","4.685939311981201","11.8892267322834"
TSLA-2021-11-23 10:08:58.984947,"1033.4200439453125","1011.7462768554688","0.057922519743442535","-0.02097285340731276","0.03298673406243324","-0.053959587469746","1054.5","21925.763671875","732.2301025390625","19.792568678876243","19.93927574157715","-0.14670706270090506","1019.2000122070312","21663.896484375","706.8384399414062","20.255785150024497","19.480499267578125","0.7752858824463722"
ADSK-2021-11-23 10:09:09.132491,"329.32000732421875","320.3255615234375","0.03552107885479927","-0.02731217539396606","0.01434897631406784","-0.0416611517080339","331.6199951171875","5064.453125","266.9134826660156","14.271856943397907","7.011912822723389","7.259944120674518","326.2699890136719","4839.28955078125","262.06951904296875","13.832162668134538","7.204992294311523","6.627170373823015"
CRWD-2021-11-23 10:09:12.879050,"284.29998779296875","276.5867919921875","0.047789447009563446","-0.02713048234950368","0.021425995975732803","-0.048556478325236484","289.5299987792969","4849.62353515625","236.260009765625","15.74998637655169","6.337375164031982","9.412611212519707","281.510009765625","4818.521484375","227.17726135253906","16.11669680373613","6.133074760437012","9.983622043299118"
ADBE-2021-11-23 10:09:15.008742,"657.5999755859375","657.6390991210938","0.06438246369361877","5.949442914956008e-05","0.01668315753340721","-0.01662366310425765","658.469970703125","10516.140625","578.9295043945312","14.970569794960722","15.70620059967041","-0.7356308047096878","647.1599731445312","10483.4052734375","568.19677734375","15.19909405474962","15.46315860748291","-0.26406455273328966"
AMPL-2021-11-23 10:09:05.047328,"73.86000061035156","73.71266174316406","0.42712679505348206","-0.0019948397775514004","0.012576092034578323","-0.014570931812129723","75.39399719238281","702.71240234375","41.490657806396484","8.320535168743465","1.0533376932144165","7.2671974755290485","72.04000091552734","703.46826171875","37.63629150390625","8.764967417804765","0.9544588923454285","7.810508525459337"
RBLX-2021-11-23 10:09:11.184307,"107.58000183105467","96.26180267333984","0.2281806617975235","-0.10520727797987127","0.050121236592531204","-0.1553285145724025","107.97000122070312","897.5958862304688","53.6975212097168","7.313382199521136","1.361587405204773","5.951794794316363","96.8499984741211","880.9340209960938","48.710872650146484","8.095859936760707","1.2585045099258423","6.837355426834865"
GOOG-2021-11-23 10:08:57.064694,"2934.9599609375","2922.81103515625","0.08542364835739136","-0.004139383822247895","0.01206707302480936","-0.016206456847057255","2970.044921875","40500.5","2705.90625","12.636325734235658","73.52257537841797","-60.886249644182314","2933.889892578125","41094.875","2664.416259765625","13.006958851440846","71.34815216064453","-58.34119330920369"
NET-2021-11-23 10:09:17.053124,"196.25999450683597","193.34970092773438","0.09412898868322372","-0.014828766231317824","0.03683793917298317","-0.051666705404300996","202.9900054931641","3044.09130859375","125.75000762939453","13.996262013975182","4.035528659820557","9.960733354154625","195.8000030517578","2972.552001953125","118.86573028564453","14.1815728070615","3.906405448913574","10.275167358147925"
COIN-2021-11-23 10:09:19.161186,"336.3900146484375","351.63385009765625","0.13015708327293396","0.04531595703026483","0.025153836235404015","0.020162120794860815","342.489990234375","2768.18603515625","306.85516357421875","7.082531209925016","7.581075668334961","-0.49854445840994455","327.0","2753.650634765625","290.8726501464844","7.420949953411697","7.224149227142334","0.1968007262693634"
U-2021-11-23 10:09:06.917536,"182.1300048828125","174.47483825683594","0.07306310534477234","-0.04203133158043953","0.01974579691886902","-0.061777128499308546","189.58999633789065","2156.830810546875","116.4018783569336","10.376290164080878","3.070293426513672","7.305996737567206","179.39999389648438","2155.106689453125","109.35406494140625","11.012858209441431","2.8867032527923584","8.126154956649073"
COUR-2021-11-23 10:08:55.161355,"34.849998474121094","34.60373306274414","0.07038461416959763","-0.0070664396602434535","0.025919394567608833","-0.032985834227852284","35.040000915527344","525.2037353515625","1.1198906898498535","13.988690685759313","0.023685934022068977","13.965004751737244","34.31999969482422","502.7580871582031","1.626420259475708","13.649128543961607","0.021194307133555412","13.627934236828052"
NVDA-2021-11-23 10:09:00.855658,"303.8999938964844","284.9398193359375","0.03801795095205307","-0.062389519385792305","0.01875128224492073","-0.08114080163071304","305.8999938964844","5247.0107421875","176.78512573242188","16.152699728274833","4.7871623039245605","11.365537424350272","297.7699890136719","5163.57568359375","170.8750457763672","16.340819673256824","4.701890468597412","11.638929204659412"
TSLA-2021-11-23 10:08:58.984947,"1063.510009765625","1060.18896484375","0.0420323871076107","-0.0031227208877957695","0.018434744328260422","-0.02155746521605619","1104.969970703125","21769.01171875","728.8216552734375","18.700998484961303","19.989368438720703","-1.2883699537593998","1054.6800537109375","21987.609375","702.7672119140625","19.84765829943938","19.083148956298828","0.7645093431405527"
ADSK-2021-11-23 10:09:09.132491,"325.2099914550781","317.8333435058594","0.03587467968463898","-0.022682722373361337","0.014854682609438896","-0.03753740498280023","327.7900085449219","4913.47998046875","267.7137451171875","13.989718577085256","7.249032020568848","6.740686556516408","322.0299987792969","4864.31103515625","261.5546875","14.105148755069877","7.1538472175598145","6.951301537510062"
CRWD-2021-11-23 10:09:12.879050,"280.9200134277344","278.485107421875","0.04872230812907219","-0.008667613162013981","0.020735420286655426","-0.02940303344866941","288.6000061035156","4778.85302734375","236.06752014160156","15.55874194829248","6.425985813140869","9.132756135151611","280.7200012207031","4873.1435546875","226.02978515625","16.359445474126428","6.033699035644531","10.325746438481897"
ADBE-2021-11-23 10:09:15.008742,"643.1699829101562","650.8550415039062","0.08842961490154266","0.011948720863771278","0.017251569777727127","-0.005302848913955849","652.5700073242188","10432.3037109375","577.9495239257812","14.986489715814322","15.805619239807129","-0.8191295239928067","642.0999755859375","10542.8876953125","566.7525024414062","15.41938653819721","15.336832046508789","0.08255449168842155"
AMPL-2021-11-23 10:09:05.047328,"75.56999969482422","75.76007080078125","0.3605038821697235","0.0025151661601773064","0.0025087553076446056","6.410852532700781e-06","78.86000061035156","707.9939575195312","42.927608489990234","7.977858889676402","1.0816881656646729","6.896170724011729","74.58999633789062","698.1985473632812","39.2066764831543","8.360485073634553","1.0017883777618408","7.3586966958727125"
RBLX-2021-11-23 10:09:11.184307,"98.12000274658205","96.2393569946289","0.18985091149806976","-0.019166792695780376","0.044146932661533356","-0.06331372535731374","100.41000366210938","892.0060424804688","52.31169128417969","7.883637187009438","1.334760069847107","6.5488771171623315","93.02999877929688","908.3889770507812","46.39244842529297","8.764473707087014","1.1623787879943848","7.602094919092629"
GOOG-2021-11-23 10:08:57.064694,"2932.52001953125","2918.90087890625","0.07491091638803482","-0.004644176521999313","0.01350940577685833","-0.01815358229885764","2974.0","40842.7421875","2700.99853515625","12.733269061028917","72.77426147460938","-60.040992413580454","2906.5","41343.99609375","2659.407958984375","13.224667501720281","70.78494262695312","-57.56027512523284"
NET-2021-11-23 10:09:17.053124,"195.3600006103516","202.81631469726562","0.10799433290958405","0.03816704578019409","0.03012089431285858","0.008046151467335505","204.9499969482422","3062.664794921875","124.05296325683594","13.943473239940163","3.9569249153137207","9.986548324626442","192.8500061035156","2994.042236328125","117.20842742919922","14.5252379651003","3.824291944503784","10.700946020596517"
COIN-2021-11-23 10:09:19.161186,"328.6000061035156","344.21221923828125","0.36803752183914185","0.04751129897985292","0.0256151482462883","0.021896150733564622","348.9800109863281","2728.697998046875","306.2650146484375","6.819066743492584","7.675992965698242","-0.856926222205658","320.0","2762.191650390625","289.790283203125","7.631848907470703","7.175012588500977","0.4568363189697262"
U-2021-11-23 10:09:06.917536,"176.4499969482422","167.80494689941406","0.06930109858512878","-0.04899433379624237","0.020101452246308327","-0.0690957860425507","189.1499938964844","2057.483154296875","114.04908752441406","9.877521653121851","2.996065139770508","6.881456513351344","155.10000610351562","2062.81298828125","107.06198120117188","12.299889794359542","2.8052468299865723","9.49464296437297"
COUR-2021-11-23 10:08:55.161355,"34.40999984741211","34.63002014160156","0.071239173412323","0.006394080068733285","0.026181276887655258","-0.019787196818921972","34.77000045776367","521.298828125","1.1933799982070923","13.992775992575549","0.024881511926651","13.967894480648898","33.77000045776367","503.0322570800781","1.7455086708068848","13.89583210723445","0.0195179246366024","13.876314182597847"
NVDA-2021-11-23 10:09:00.855658,"294.5899963378906","277.39813232421875","0.06705756485462189","-0.058358614438329556","0.020271552726626396","-0.07863016716495595","308.5","5189.78076171875","175.9508514404297","15.822628076884117","4.817111968994141","11.005516107889976","287.7799987792969","5154.17724609375","169.72442626953125","16.91013019652756","4.678745269775391","12.23138492675217"
TSLA-2021-11-23 10:08:58.984947,"1067.949951171875","1041.832763671875","0.04020031541585922","-0.024455441447739455","0.018118400126695633","-0.042573841574435084","1078.0999755859375","22007.4609375","724.3349609375","19.41319120292081","19.65106201171875","-0.23787080879793976","987.3099975585938","22133.609375","698.51416015625","21.418095055992218","18.842544555664062","2.5755505003281556"
ADSK-2021-11-23 10:09:09.132491,"320.5299987792969","324.9920959472656","0.03703145310282707","0.013920997051639954","0.013724511489272118","0.00019648556236783604","330.29998779296875","5019.3046875","266.591064453125","14.196200039359638","7.066438674926758","7.1297613644328806","319.2900085449219","5002.9677734375","260.1941833496094","14.669039555096562","6.919399261474609","7.749640293621953"
CRWD-2021-11-23 10:09:12.879050,"281.5599975585937","287.0670166015625","0.04719020053744316","0.019558954008808638","0.02030816115438938","-0.0007492071455807436","298.4800109863281","4683.28466796875","235.94078063964844","14.690446581306471","6.553596019744873","8.136850561561598","278.7850036621094","4764.94384765625","226.04434204101562","16.091822677203314","6.171106815338135","9.92071586186518"
ADBE-2021-11-23 10:09:15.008742,"647.5","652.9074096679688","0.0643356442451477","0.00835121184242278","0.016649629920721054","-0.008298418078298274","665.8099975585938","10721.52734375","575.6642456054688","15.10298340827552","15.318434715270996","-0.215451306995476","645.8599853515625","10622.9326171875","565.2212524414062","15.447733035210556","15.180142402648926","0.26759063256162996"
AMPL-2021-11-23 10:09:05.047328,"74.72000122070312","73.84526062011719","0.5917402505874634","-0.011706913628148708","0.011845588684082031","-0.023552502312230737","83.27799987792969","704.5047607421875","47.54119110107422","7.459674365076762","1.203874111175537","6.255800253901225","74.30000305175781","710.8986206054688","38.204795837402344","8.567948740328484","0.9587494730949402","7.609199267233544"
RBLX-2021-11-23 10:09:11.184307,"95.26000213623048","95.20060729980469","0.19570143520832062","-0.0006235023629419557","0.04225727915763855","-0.0428807815205805","104.45999908447266","898.73583984375","50.899574279785156","7.603636298301879","1.2890040874481201","6.314632210853759","93.0199966430664","899.11181640625","45.92005920410156","8.66579067785065","1.1624144315719604","7.503376246278689"
GOOG-2021-11-23 10:08:57.064694,"2984.969970703125","2904.02880859375","0.0960550457239151","-0.027116239996983586","0.01393126230686903","-0.041047502303852616","3007.570068359375","41547.984375","2698.361328125","12.814469299351806","71.46913146972656","-58.654662170374756","2950.139892578125","41657.375","2657.348388671875","13.120474457770763","70.19802856445312","-57.07755410668236"
NET-2021-11-23 10:09:17.053124,"204.6000061035156","204.70803833007812","0.10328219830989838","0.0005280167318659338","0.028993168845772743","-0.028465152113906808","209.8999938964844","3053.439208984375","122.60932159423828","13.547114329551759","3.9226927757263184","9.62442155382544","200.3000030517578","2970.4912109375","116.07740020751953","13.830210512627504","3.817416191101074","10.01279432152643"
COIN-2021-11-23 10:09:19.161186,"357.3900146484375","338.7582092285156","0.27018797397613525","-0.052132977017418564","0.030827457085251808","-0.08296043410267037","368.8999938964844","2728.905029296875","304.43035888671875","6.397411424361863","7.62943172454834","-1.232020300186477","345.0599975585937","2740.23583984375","288.8704833984375","6.941331534317993","7.209545135498047","-0.26821360118005355"
U-2021-11-23 10:09:06.917536,"171.6300048828125","159.82177734375","0.07201416045427322","-0.06880048478192992","0.02038327045738697","-0.08918375523931689","177.4459991455078","1948.9464111328125","112.31961822509766","9.983321238675286","2.99507999420166","6.988241244473626","163.08399963378906","1981.23486328125","105.81086730957031","11.148554534658112","2.7755367755889893","8.373017759069123"
COUR-2021-11-23 10:08:55.161355,"34.79999923706055","33.8565788269043","0.06743114441633224","-0.02710978249538427","0.025723077356815338","-0.05283285985219961","34.849998474121094","520.830078125","1.4407625198364258","13.944909639286152","0.026412000879645348","13.918497638406507","33.15999984741211","500.1009216308594","2.1550986766815186","14.081451264538789","0.01963745430111885","14.06181381023767"
NVDA-2021-11-23 10:09:00.855658,"306.57000732421875","278.7369689941406","0.0445542074739933","-0.09078852355130351","0.018653981387615204","-0.10944250493891872","323.1000061035156","5073.27734375","175.95408630371094","14.701879442628702","4.927824020385742","9.77405542224296","299.6400146484375","5123.69775390625","169.2418975830078","16.099511091393442","4.693197250366211","11.406313841027231"
TSLA-2021-11-23 10:08:58.984947,"1023.5","1164.66796875","0.030682092532515526","0.13792669149975573","0.01469233725219965","0.12323435424755608","1174.5","21778.576171875","722.0463256835938","17.542849018199234","19.794843673706055","-2.25199465550682","1011.52001953125","21870.5","696.83056640625","20.621420809975703","19.023263931274414","1.598156878701289"
ADSK-2021-11-23 10:09:09.132491,"329.3999938964844","323.708740234375","0.034116897732019424","-0.017277637424297828","0.014022151939570904","-0.031299789363868735","334.510009765625","4964.912109375","266.7683410644531","13.84234242453215","7.148604869842529","6.693737554689621","327.8999938964844","5019.66650390625","259.8748779296875","14.308528811656283","6.887917995452881","7.420610816203402"
CRWD-2021-11-23 10:09:12.879050,"293.17999267578125","278.1589050292969","0.04825204238295555","-0.05123503657050614","0.020503228530287743","-0.07173826510079388","295.7699890136719","4800.7646484375","233.98114013671875","15.231412336481462","6.340122222900391","8.891290113581071","281.6300048828125","4873.873046875","224.38345336914062","16.305943835434157","5.988855361938477","10.31708847349568"
ADBE-2021-11-23 10:09:15.008742,"667.9199829101562","652.6787719726562","0.06455318629741669","-0.022818917426445883","0.0161287859082222","-0.038947703334668085","669.6599731445312","10369.5576171875","576.4447631835938","14.48481025152964","15.859857559204102","-1.3750473076744623","663.0","10476.6484375","565.3577880859375","14.801883012820513","15.395819664001465","-0.5939366511809521"
AMPL-2021-11-23 10:09:05.047328,"84.80000305175781","84.79821014404297","0.01680290699005127","-2.1142778895296102e-05","2.1143225239939056e-05","-4.228600413523516e-05","85.12999725341797","693.4824829101562","50.01102828979492","7.14615887800129","1.2865456342697144","5.859613243731576","77.36000061035156","700.798583984375","41.830936431884766","8.058926815605544","1.064876675605774","6.99405013999977"
RBLX-2021-11-23 10:09:11.184307,"109.5199966430664","82.58463287353516","0.1833353191614151","-0.24594014422147537","0.04708785191178322","-0.2930279961332586","109.97000122070312","895.000244140625","49.585853576660156","7.138585379701995","1.2609761953353882","5.877609184366607","94.37999725341795","903.980712890625","44.562564849853516","8.578096410231538","1.1219751834869385","7.4561212267445995"
GOOG-2021-11-23 10:08:57.064694,"2987.030029296875","2872.27734375","0.08460436016321182","-0.03841698423563788","0.014481530524790287","-0.052898514760428166","3020.68994140625","41444.5390625","2693.0888671875","12.720222818766343","71.50752258300781","-58.78729976424147","2982.39990234375","40498.6015625","2653.2939453125","12.57919892992008","72.09642028808594","-59.517221358165855"
NET-2021-11-23 10:09:17.053124,"210.0","197.98240661621094","0.0943995863199234","-0.0572266351609003","0.04245880991220474","-0.09968544507310503","211.25999450683597","3084.213134765625","120.64661407470703","13.599134786334693","3.821385622024536","9.777749164310157","192.55999755859372","2998.150390625","114.26465606689453","14.569954448678773","3.7231335639953613","10.846820884683412"
COIN-2021-11-23 10:09:19.161186,"353.9200134277344","332.2873840332031","0.23675070703029633","-0.06112293335722405","0.0355796292424202","-0.09670256259964424","363.1700134277344","2716.210205078125","298.4244384765625","6.47916982308511","7.323248386383057","-0.8440785632979466","345.5599975585937","2679.664794921875","284.5335693359375","6.754557280512501","7.077597141265869","-0.32303986075336777"
U-2021-11-23 10:09:06.917536,"163.10000610351562","153.65142822265625","0.06761127710342407","-0.05793119268715779","0.01969323866069317","-0.07762443134785096","163.4600067138672","1957.2747802734375","110.14720153808594","10.974028507778051","2.9246532917022705","8.04937521607578","154.1699981689453","1986.8419189453125","103.98074340820312","11.887344765795845","2.7198336124420166","9.167511153353828"
COUR-2021-11-23 10:08:55.161355,"33.66999816894531","33.51055908203125","0.06511722505092621","-0.004735345874212645","0.02374965138733387","-0.028484997261546515","34.35499954223633","517.6884155273438","1.561491847038269","14.068794132594682","0.026902522891759872","14.041891609702922","33.040000915527344","498.68560791015625","2.08418869972229","14.093389651687207","0.020178472623229027","14.073211179063978"
NVDA-2021-11-23 10:09:00.855658,"308.0400085449219","267.0599365234375","0.06842906773090363","-0.1330349009372534","0.02028963528573513","-0.15332453622298853","311.0","5159.1708984375","173.91357421875","15.588973949959808","4.789586067199707","10.7993878827601","299.07000732421875","5136.84423828125","167.8809356689453","16.17605949269413","4.643542289733887","11.532517202960243"
TSLA-2021-11-23 10:08:58.984947,"1162.93994140625","1158.1856689453125","0.039234459400177","-0.0040881496040015095","0.015850575640797615","-0.019938725244799123","1197.0","21962.19140625","716.8831787109375","17.347695410401002","19.48898696899414","-2.1412915585931387","1133.0","21968.9375","693.0394287109375","18.390059576345983","18.834989547729492","-0.44492997138350887"
ADSK-2021-11-23 10:09:09.132491,"329.07000732421875","318.3706970214844","0.03789215907454491","-0.03251378145864505","0.014792419038712978","-0.04730620049735803","330.25","4953.53515625","266.43780517578125","13.999349451173353","7.156144618988037","6.843204832185316","325.0199890136719","4962.92333984375","259.8931884765625","14.269594202204548","6.967162132263184","7.302432069941364"
CRWD-2021-11-23 10:09:12.879050,"282.92999267578125","271.47845458984375","0.04844160005450249","-0.040474811375194826","0.020470095798373222","-0.06094490717356805","284.4150085449219","4790.26904296875","232.1791534423828","15.842532563509748","6.1572489738464355","9.685283589663312","272.1700134277344","4680.5380859375","224.12567138671875","16.197111566371216","6.083019733428955","10.114091832942261"
ADBE-2021-11-23 10:09:15.008742,"666.02001953125","648.0855712890625","0.08335663378238678","-0.02692779153216731","0.017642293125391006","-0.044570084657558316","668.25","10522.7822265625","574.4502563476562","14.746774749812944","15.57484245300293","-0.8280677031899852","661.4000244140625","10591.88671875","563.4759521484375","15.014342799780517","15.177626609802246","-0.16328381002172954"
AMPL-2021-11-23 10:09:05.047328,"80.2699966430664","80.8245620727539","0.26090294122695923","0.006908751125946415","0.006861253175884485","4.749795006192981e-05","86.11000061035156","675.6610717773438","50.85184097290039","6.846487829383668","1.300533413887024","5.545954415496644","77.9000015258789","685.3218994140625","42.082763671875","7.7974568163056315","1.0610928535461426","6.736363962759489"
RBLX-2021-11-23 10:09:11.184307,"77.0","77.19805145263672","0.11020305007696152","0.002572096787489854","0.024625875055789948","-0.022053778268300094","79.0199966430664","722.7794799804688","47.22697067260742","8.14679208663177","1.1715600490570068","6.975232037574763","76.83000183105469","716.5432739257812","43.93320846557617","8.326347219168676","1.099336862564087","7.227010356604589"
GOOG-2021-11-23 10:08:57.064694,"2984.820068359375","2906.473388671875","0.06474962830543518","-0.02624837608069412","0.011684081517159939","-0.03793245759785406","3011.4150390625","40405.55859375","2688.447998046875","12.417465898798485","73.14633178710938","-60.72886588831089","2973.0400390625","41383.6015625","2646.8955078125","12.9196247002276","70.31379699707031","-57.39417229684271"
NET-2021-11-23 10:09:17.053124,"197.25999450683597","189.4728546142578","0.09105828404426575","-0.03947652899436887","0.04006114602088928","-0.07953767501525816","218.0","2876.17919921875","120.19625854492188","12.193482565223624","3.8963143825531006","8.297168182670523","192.4900054931641","2857.64013671875","113.3564224243164","13.845654606312708","3.6984310150146484","10.14722359129806"
COIN-2021-11-23 10:09:19.161186,"337.04998779296875","336.56890869140625","0.13573458790779114","-0.0014273227087550004","0.024470902979373932","-0.025898225688128933","345.2300109863281","2497.310791015625","295.26409912109375","6.2337592664112975","7.320977210998535","-1.0872179445872376","333.44000244140625","2468.98193359375","281.151611328125","6.40457628213823","7.0510478019714355","-0.6464715198332058"
U-2021-11-23 10:09:06.917536,"151.9600067138672","151.86166381835938","0.0603889599442482","-0.0006471630110742695","0.018126370385289192","-0.01877353339636346","154.13999938964844","1957.1678466796875","108.77581024169922","11.697339136042093","2.888397693634033","8.80894144240806","149.8699951171875","1984.0794677734375","102.85428619384766","12.238670397113383","2.6941142082214355","9.544556188891947"
COUR-2021-11-23 10:08:55.161355,"33.41999816894531","32.95345687866211","0.06315131485462189","-0.013959943621921704","0.025904808193445206","-0.03986475181536691","33.57899856567383","516.8050537109375","1.3491004705429077","14.390722647674254","0.02905070222914219","14.361671945445112","32.33000183105469","500.2650451660156","2.6771628856658936","14.47370915041163","0.021260641515254974","14.452448508896374"
NVDA-2021-11-23 10:09:00.855658,"297.5199890136719","267.83209228515625","0.03450276330113411","-0.09978454498783738","0.017085175961256027","-0.11686972094909341","314.0","4973.11376953125","172.569091796875","14.837941941182326","4.756341934204102","10.081600006978224","294.1000061035156","5001.775390625","166.23573303222656","16.007056398579277","4.555527210235596","11.451529188343681"
TSLA-2021-11-23 10:08:58.984947,"1222.0899658203125","1173.00634765625","0.04414611682295799","-0.04016367005445114","0.014305251650512218","-0.054468921704963355","1239.8699951171875","21892.138671875","711.8899536132812","16.656801727672942","19.415170669555664","-2.758368941882722","1208.0","22048.064453125","688.184814453125","17.251708984375","18.635934829711914","-1.384225845336914"
ADSK-2021-11-23 10:09:09.132491,"324.5199890136719","312.3250427246094","0.03715790435671806","-0.037578413354835694","0.01574993133544922","-0.05332834469028491","325.6400146484375","4978.35498046875","265.85394287109375","14.287909214238937","7.104864597320557","7.18304461691838","319.6199951171875","4909.50537109375","259.87615966796875","14.360445047543719","7.042506217956543","7.317938829587176"
CRWD-2021-11-23 10:09:12.879050,"273.42999267578125","274.61260986328125","0.0466468445956707","0.0043251187476799026","0.020494401454925537","-0.016169282707245634","283.69000244140625","4758.80517578125","231.56222534179688","15.774666483934839","6.181490421295166","9.593176062639673","270.239990234375","4596.9697265625","224.00901794433594","16.01069380063113","6.190379619598389","9.820314181032742"
ADBE-2021-11-23 10:09:15.008742,"662.719970703125","653.097900390625","0.04184475913643837","-0.01451905893569389","0.01234089769423008","-0.02685995662992397","677.760009765625","10473.07421875","573.171630859375","14.452481804542696","15.613934516906738","-1.1614527123640421","661.1099853515625","10234.64453125","563.2256469726562","14.481001282725234","15.700428009033203","-1.2194267263079688"
AMPL-2021-11-23 10:09:05.047328,"83.68000030517578","83.66007995605469","0.010367274284362793","-0.0002380538844221495","0.0002381105732638389","-0.0004761644576859884","84.98999786376953","688.8863525390625","48.96648406982422","7.105499115828646","1.2282735109329224","5.877225604895724","80.13999938964844","680.0587768554688","44.627342224121094","7.48588447759972","1.1339614391326904","6.35192303846703"
RBLX-2021-11-23 10:09:11.184307,"77.98999786376953","80.74897766113281","0.11615321040153503","0.035376072226371645","0.021858515217900276","0.013517557008471369","82.08000183105469","727.7869262695312","46.97626876831055","7.866799586183435","1.157322883605957","6.7094767025774775","77.05000305175781","723.031494140625","43.6692008972168","8.383925574343372","1.0829248428344727","7.3010007315089"
